{
  "epn": {
    "events": [
      {
        "name": "SensorUpdate",
        "createdDate": "Fri Aug 26 2016",
        "attributes": [
          {
            "name": "customerID",
            "type": "String",
            "dimension": "0"
          },
          {
            "name": "measureDate",
            "type": "Date",
            "dimension": "0"
          },
          {
            "name": "pFV",
            "type": "Double",
            "dimension": "0"
          }
        ]
      },
      {
        "name": "AlertValue",
        "createdDate": "Fri Aug 26 2016",
        "attributes": [
          {
            "name": "measureDate",
            "type": "Date",
            "dimension": "0"
          },
          {
            "name": "pFV",
            "type": "Double",
            "dimension": "0"
          }
        ]
      },
      {
        "name": "PreExistValue",
        "createdDate": "Fri Aug 26 2016",
        "attributes": [
          {
            "name": "customerID",
            "type": "String",
            "dimension": "0"
          },
          {
            "name": "measureDate",
            "type": "Date",
            "dimension": "0"
          },
          {
            "name": "pFV",
            "type": "Double",
            "dimension": "0"
          }
        ]
      },
      {
        "name": "AvgMeasure",
        "createdDate": "Wed Sep 07 2016",
        "attributes": [
          {
            "name": "Certainty",
            "type": "Double",
            "defaultValue": "1",
            "dimension": 0,
            "description": "The certainty that this event happen (value between 0 to 1)"
          },
          {
            "name": "OccurrenceTime",
            "type": "Date",
            "dimension": 0,
            "description": "No value means it equals the event detection time, other option is to use one of the defined distribution functions with parameters"
          },
          {
            "name": "ExpirationTime",
            "type": "Date",
            "dimension": 0
          },
          {
            "name": "Cost",
            "type": "Double",
            "dimension": 0,
            "description": "The cost of this event occurrence. Negative if this is an opportunity"
          },
          {
            "name": "Duration",
            "type": "Double",
            "defaultValue": "0",
            "dimension": 0,
            "description": "Used in case the this event occur within an interval"
          },
          {
            "name": "Average",
            "type": "Double",
            "dimension": "0"
          }
        ]
      }
    ],
    "epas": [
      {
        "name": "AvgMeasureEPA",
        "createdDate": "Wed Sep 07 2016",
        "epaType": "Aggregate",
        "context": "20MinInterval",
        "inputEvents": [
          {
            "name": "SensorUpdate",
            "consumptionPolicy": "Reuse",
            "instanceSelectionPolicy": "First"
          }
        ],
        "computedVariables": [
          {
            "name": "AvgMeasure",
            "aggregationType": "Average",
            "SensorUpdate": "SensorUpdate.pFV"
          }
        ],
        "evaluationPolicy": "Deferred",
        "cardinalityPolicy": "Single",
        "internalSegmentation": [],
        "derivedEvents": [
          {
            "name": "AvgMeasure",
            "reportParticipants": false,
            "expressions": {
              "Duration": "0",
              "Average": "AvgMeasure"
            }
          }
        ]
      },
      {
        "name": "AlarmEPA",
        "createdDate": "Wed Sep 07 2016",
        "epaType": "All",
        "context": "Always",
        "inputEvents": [
          {
            "name": "AvgMeasure",
            "alias": "LastMeasure",
            "consumptionPolicy": "Reuse",
            "instanceSelectionPolicy": "Override"
          },
          {
            "name": "AvgMeasure",
            "alias": "PreviousMeasure",
            "consumptionPolicy": "Consume",
            "instanceSelectionPolicy": "First"
          }
        ],
        "computedVariables": [
          {
            "name": "AlarmValue",
            "aggregationType": "Max",
            "AM": "AvgMeasure.pFV",
            "SU": "SensorUpdate.pFV"
          }
        ],
        "assertion": "(SU.pFV>1.1*AM.Average) || (SU.pFV<0.9*AM.Average)",
        "evaluationPolicy": "Immediate",
        "cardinalityPolicy": "Single",
        "internalSegmentation": [],
        "derivedEvents": [
          {
            "name": "AlertValue",
            "reportParticipants": false,
            "expressions": {
              "measureDate": "SU.measureDate",
              "pFV": "SU.pFV"
            }
          }
        ]
      }
    ],
    "contexts": {
      "temporal": [
        {
          "name": "20MinInterval",
          "createdDate": "Tue Dec 22 2015",
          "type": "TemporalInterval",
          "atStartup": false,
          "neverEnding": false,
          "initiators": [
            {
              "initiatorType": "Event",
              "initiatorPolicy": "Ignore",
              "name": "SensorUpdate"              
            }
          ],
          "terminators": [
            {
              "terminatorType": "RelativeTime",
              "terminationType": "Terminate",
              "relativeTime": "1200000"
            }
          ]
        }
      ],
      "segmentation": [],
      "composite": []
    },
    "consumers": [
      {
        "name": "Results",
        "createdDate": "Tue Sep 06 2016",
        "type": "File",
        "properties": [
          {
            "name": "filename",
            "value": "C:\\Users\\paola.lippolis\\Desktop\\Results.txt"
          },
          {
            "name": "formatter",
            "value": "tag"
          },
          {
            "name": "delimiter",
            "value": ";"
          },
          {
            "name": "tagDataSeparator",
            "value": "="
          },
          {
            "name": "SendingDelay",
            "value": "100000"
          },
          {
            "name": "dateFormat",
            "value": "dd/MM/yyyy-HH:mm:ss"
          }
        ],
        "events": [
          {
            "name": "SensorUpdate"
          },
          {
            "name": "AlertValue"
          },
          {
            "name": "AvgMeasure"
          }
        ]
      }
    ],
    "producers": [
      {
        "name": "ExistingData",
        "createdDate": "Fri Aug 26 2016",
        "type": "File",
        "properties": [
          {
            "name": "filename",
            "value": "C:\\Users\\paola.lippolis\\Desktop\\ExistingData.txt"
          },
          {
            "name": "pollingInterval",
            "value": "300000"
          },
          {
            "name": "sendingDelay",
            "value": "100000"
          },
          {
            "name": "formatter",
            "value": "tag"
          },
          {
            "name": "delimiter",
            "value": ";"
          },
          {
            "name": "tagDataSeparator",
            "value": "="
          },
          {
            "name": "dateFormat",
            "value": "dd/MM/yyyy-HH:mm:ss"
          }
        ],
        "events": []
      },
      {
        "name": "DataFromSensors",
        "createdDate": "Mon Aug 29 2016",
        "type": "File",
        "properties": [
          {
            "name": "filename",
            "value": "C:\\Users\\paola.lippolis\\Desktop\\DataFromSensors.txt"
          },
          {
            "name": "pollingInterval",
            "value": "300000"
          },
          {
            "name": "sendingDelay",
            "value": "100000"
          },
          {
            "name": "formatter",
            "value": "tag"
          },
          {
            "name": "delimiter",
            "value": ";"
          },
          {
            "name": "tagDataSeparator",
            "value": "="
          },
          {
            "name": "dateFormat",
            "value": "dd/MM/yyyy-HH:mm:ss"
          }
        ],
        "events": []
      }
    ],
    "name": "ER_FINC"
  }
}