{
"epn": {
    "events": [
    {
        "name": "ApeContextUpdate",
        "createdDate": "Fri Jul 01 2016",
        "attributes": [
        {
            "name": "entityId",
            "type": "String",
            "dimension": "0"
        },
        {
            "name": "entityType",
            "type": "String",
            "dimension": "0"
        },
        {
            "name": "carsharing",
            "type": "Date",
            "dimension": "0"
        },
        {
            "name": "passengers",
            "type": "Integer",
            "dimension": "0"
        },
          {
            "name": "test",
            "type": "String",
            "dimension": "0",
            "defaultValue":"'site1'"
        }
        ]
    }
    ],
    "epas": [],
    "contexts": {
    "temporal": [],
    "segmentation": [],
    "composite": []
    },
    "consumers": [],
    "producers": [],
    "name": "t0"
}
}
