{
  "epn": {
    "events": [
      {
        "name": "CallPOPDWH",
        "createdDate": "Tue Sep 23 2014",
        "attributes": [
          {
            "name": "Certainty",
            "type": "Double",
            "defaultValue": "1",
            "dimension": 0,
            "description": "The certainty that this event happen (value between 0 to 1)"
          },
          {
            "name": "OccurrenceTime",
            "type": "Date",
            "dimension": 0,
            "description": "No value means it equals the event detection time, other option is to use one of the defined distribution functions with parameters"
          },
          {
            "name": "ExpirationTime",
            "type": "Date",
            "dimension": 0
          },
          {
            "name": "Cost",
            "type": "Double",
            "dimension": 0,
            "description": "The cost of this event occurrence. Negative if this is an opportunity"
          },
          {
            "name": "Duration",
            "type": "Double",
            "defaultValue": "0",
            "dimension": 0,
            "description": "Used in case the this event occur within an interval"
          },
          {
            "name": "other_party_tel_number",
            "type": "String",
            "dimension": 0
          },          
          {
            "name": "object_id",
            "type": "String",
            "dimension": 0
          },
          {
            "name": "billed_msdn",
            "type": "String",
            "dimension": 0
          },
           {
            "name": "call_service",
            "type": "String",
            "dimension": 0
          },
          {
            "name": "call_start_date",
            "type": "Date",
            "dimension": 0
          },
        
          {
            "name": "calling_number",
            "type": "String",
            "dimension": 0
          },
          {
            "name": "called_number",
            "type": "String",
            "dimension": 0
          },
          {
            "name": "call_direction",
            "type": "String",
            "dimension": 0
          },
          {
            "name": "tap_related",
            "type": "String",
            "dimension": 0
          },
          {
            "name": "conversation_duration",
            "type": "Integer",
            "dimension": 0
          },
          {
            "name": "total_call_charge_amount",
            "type": "Double",
            "dimension": 0
          },
           {
            "name": "customer_activation_date",
            "type": "Date",
            "dimension": 0
          },
            {
            "name": "customer_type",
            "type": "String",
            "dimension": 0
          }
        ]
      },
     
      {
        "name": "Alarm593",
        "createdDate": "Tue Sep 23 2014",
        "attributes": [
          {
            "name": "Certainty",
            "type": "Double",
            "defaultValue": "1",
            "dimension": 0,
            "description": "The certainty that this event happen (value between 0 to 1)"
          },
          {
            "name": "OccurrenceTime",
            "type": "Date",
            "dimension": 0,
            "description": "No value means it equals the event detection time, other option is to use one of the defined distribution functions with parameters"
          },
          {
            "name": "ExpirationTime",
            "type": "Date",
            "dimension": 0
          },
          {
            "name": "Cost",
            "type": "Double",
            "dimension": 0,
            "description": "The cost of this event occurrence. Negative if this is an opportunity"
          },
          {
            "name": "Duration",
            "type": "Double",
            "defaultValue": "0",
            "dimension": 0,
            "description": "Used in case the this event occur within an interval"
          },
        
          {
            "name": "calling_number",
            "type": "String",
            "dimension": 0
          },
        
          
          {
            "name": "amount_spent",
            "type": "Double",
            "dimension": 0
          },
           {
          	 "name": "call_start_dates",
            "type": "Date",
            "dimension": 1
          }
        ]
      },
      {
        "name": "Alarm630",
        "createdDate": "Tue Sep 23 2014",
        "attributes": [
          {
            "name": "Certainty",
            "type": "Double",
            "defaultValue": "1",
            "dimension": 0,
            "description": "The certainty that this event happen (value between 0 to 1)"
          },
          {
            "name": "OccurrenceTime",
            "type": "Date",
            "dimension": 0,
            "description": "No value means it equals the event detection time, other option is to use one of the defined distribution functions with parameters"
          },
          {
            "name": "ExpirationTime",
            "type": "Date",
            "dimension": 0
          },
          {
            "name": "Cost",
            "type": "Double",
            "dimension": 0,
            "description": "The cost of this event occurrence. Negative if this is an opportunity"
          },
          {
            "name": "Duration",
            "type": "Double",
            "defaultValue": "0",
            "dimension": 0,
            "description": "Used in case the this event occur within an interval"
          },
                
          {
            "name": "calling_number",
            "type": "String",
            "dimension": 0
          },
         
          {
            "name": "amount_spent",
            "type": "Double",
            "dimension": 0
          },
          {
          	 "name": "call_start_dates",
            "type": "Date",
            "dimension": 1
          }
        ]
      },
      {
        "name": "Alarm848",
        "createdDate": "Tue Sep 23 2014",
        "attributes": [
          {
            "name": "Certainty",
            "type": "Double",
            "defaultValue": "1",
            "dimension": 0,
            "description": "The certainty that this event happen (value between 0 to 1)"
          },
          {
            "name": "OccurrenceTime",
            "type": "Date",
            "dimension": 0,
            "description": "No value means it equals the event detection time, other option is to use one of the defined distribution functions with parameters"
          },
          {
            "name": "ExpirationTime",
            "type": "Date",
            "dimension": 0
          },
          {
            "name": "Cost",
            "type": "Double",
            "dimension": 0,
            "description": "The cost of this event occurrence. Negative if this is an opportunity"
          },
          {
            "name": "Duration",
            "type": "Double",
            "defaultValue": "0",
            "dimension": 0,
            "description": "Used in case the this event occur within an interval"
          },
              
          {
            "name": "calling_number",
            "type": "String",
            "dimension": 0
          },
         
           {
            "name": "number_calls",
            "type": "Integer",
            "dimension": 0
          },
          {
          	 "name": "call_start_dates",
            "type": "Date",
            "dimension": 1
          }
        ]
      }
    ],
    "epas": [
      {
        "name": "Alarm593EPA",
        "createdDate": "Mon Mar 09 2015",
        "epaType": "Aggregate",
        "context": "24hours",
        "inputEvents": [
          {
            "name": "CallPOPDWH",
            "filterExpression": "(IndexOf(CallPOPDWH.called_number,'3856') == 0 || IndexOf(CallPOPDWH.called_number,'+3856') == 0 || IndexOf(CallPOPDWH.called_number,'003856') == 0)  &&  EqualsIgnoreCase(CallPOPDWH.call_service,'T11')",
            "consumptionPolicy": "Reuse",
            "instanceSelectionPolicy": "First"
          }
        ],
         "computedVariables": [
          {
            "name": "SUM",
            "aggregationType": "Sum",
            "CallPOPDWH": "CallPOPDWH.total_call_charge_amount"
          }
        ],
        "evaluationPolicy": "Immediate",
        "cardinalityPolicy": "Single",
        "assertion": "SUM >= 1300",
        "internalSegmentation": 
        [
          {
            "name": "CallingNumberSegmentation"
          }
        ],
        "derivedEvents": [
          {
            "name": "Alarm593",
            "reportParticipants": false,
            "expressions": {
              "Duration": "0",                         
              "calling_number": "context.CallingNumberSegmentation",            
              "amount_spent": "SUM",
               "call_start_dates":"ArrayConvert(CallPOPDWH.call_start_date)"
            }     
          }
        ]
      },
      
      {
        "name": "Alarm630EPA",
        "createdDate": "Mon Mar 09 2015",
        "epaType": "Aggregate",
        "context": "24hours",
        "inputEvents": [
          {
            "name": "CallPOPDWH",
            "filterExpression": "(IndexOf(CallPOPDWH.called_number,'3856') == 0 || IndexOf(CallPOPDWH.called_number,'+3856') == 0 || IndexOf(CallPOPDWH.called_number,'003856') == 0)  &&  EqualsIgnoreCase(CallPOPDWH.call_service,'T11') && DayDiff(CallPOPDWH.call_start_date,CallPOPDWH.customer_activation_date) <=91",
            "consumptionPolicy": "Reuse",
            "instanceSelectionPolicy": "First"
          }
        ],
        "computedVariables": [
          {
            "name": "SUM",
            "aggregationType": "Sum",
            "CallPOPDWH": "CallPOPDWH.total_call_charge_amount"
          }
        ],
        "assertion": "SUM >= 200",
        "evaluationPolicy": "Immediate",
        "cardinalityPolicy": "Single",
        "internalSegmentation": 
        [
         
          {
            "name": "CallingNumberSegmentation"
          }
        
        ]        ,
        "derivedEvents": [
          {
            "name": "Alarm630",
            "reportParticipants": false,
            "expressions": {
              "Duration": "0",                        
              "calling_number": "context.CallingNumberSegmentation",             
              "amount_spent": "SUM",
               "call_start_dates":"ArrayConvert(CallPOPDWH.call_start_date)"
            }
          }
        ]
      },
      {
        "name": "Alarm848EPA",
        "createdDate": "Mon Mar 09 2015",
        "epaType": "Aggregate",
        "context": "4hours",
        "inputEvents": [
          {
            "name": "CallPOPDWH",
            "filterExpression": "(IndexOf(CallPOPDWH.called_number,'3856') == 0 || IndexOf(CallPOPDWH.called_number,'+3856') == 0 || IndexOf(CallPOPDWH.called_number,'003856') == 0) &&  (EqualsIgnoreCase(CallPOPDWH.call_service,'T11') || EqualsIgnoreCase(CallPOPDWH.call_service,'T22')) ",
            "consumptionPolicy": "Reuse",
            "instanceSelectionPolicy": "First"
          }
        ],
        "computedVariables": [         
          {
            "name": "COUNT",
            "aggregationType": "Count",
            "CallPOPDWH": "1"
          }
        ],
        "assertion": "COUNT >=150",
        "evaluationPolicy": "Immediate",
        "cardinalityPolicy": "Single",
        "internalSegmentation":  [
          {
            "name": "CallingNumberSegmentation"
          }
        ],
        "derivedEvents": [
          {
            "name": "Alarm848",
            "reportParticipants": false,
            "expressions": {
              "Duration": "0",
              "calling_number": "context.CallingNumberSegmentation",
              "number_calls": "COUNT",             
              "call_start_dates":"ArrayConvert(CallPOPDWH.call_start_date)"
            }
          }
        ]
      }
    ],
    "contexts": {
      "temporal": [        
        {
          "name": "24hours",
          "createdDate": "Thu Oct 27 2016",
          "type": "SlidingTimeWindow",
          "atStartup": false,
          "neverEnding": true,
          "duration": 86400000,
          "slidingPeriod": 4320000,
          "initiators": [
            {
              "initiatorType": "Event",
              "initiatorPolicy": "Ignore",
              "name": "CallPOPDWH",
              "condition": "EqualsIgnoreCase(CallPOPDWH.called_number,'start24hours')"
            }
          ],
          "terminators": []
        },
         {
          "name": "4hours",
          "createdDate": "Thu Oct 27 2016",
          "type": "SlidingTimeWindow",
          "atStartup": false,
          "neverEnding": true,
          "duration": 14400000,
          "slidingPeriod": 4320000,
          "initiators": [
            {
              "initiatorType": "Event",
              "initiatorPolicy": "Ignore",
              "name": "CallPOPDWH",
               "condition": "EqualsIgnoreCase(CallPOPDWH.called_number,'start4hours')"
            }
          ],
          "terminators": []
        }
      ],
      "segmentation": [
        {
          "name": "CallingNumberSegmentation",
          "createdDate": "Mon Mar 09 2015",
          "participantEvents": [
            
            {
              "name": "CallPOPDWH",
              "expression": "CallPOPDWH.calling_number"
            }
          ]
        }
      ],
      "composite": [
        
      ]
    },
   "consumers": [
      {
        "name": "Consumer",
        "createdDate": "Tue Sep 23 2014",
        "type": "File",
        "properties": [
          {
            "name": "filename",
            "value": "D:\\EP\\Projects\\Proton\\OpenSourceWorkspace\\ProtonEU\\FERARI\\MobileFraud\\RulesForKPI\\mobileFraudOutput.txt"
          },
          {
            "name": "formatter",
            "value": "tag"
          },
          {
            "name": "delimiter",
            "value": ";"
          },
          {
            "name": "tagDataSeparator",
            "value": "="
          },
          {
            "name": "SendingDelay",
            "value": "1000"
          },
          {
            "name": "dateFormat",
            "value": "dd/MM/yyyy-HH:mm:ss"
          }
        ],
        "events": [
          {
            "name": "CallPOPDWH"
          },
          {
            "name": "Alarm630"
          },
           {
            "name": "Alarm848"
          },
           {
            "name": "Alarm593"
          }
        ]
      }
    ],
    "producers": [
      {
        "name": "Producer",
        "createdDate": "Tue Sep 23 2014",
        "type": "Timed",
        "properties": [
          {
            "name": "filename",
            "value": "D:\\EP\\Projects\\Proton\\OpenSourceWorkspace\\ProtonEU\\FERARI\\MobileFraud\\RulesForKPI\\ferari_POP_CDR_export_201501.csv_masked_sorted1.csv"
          },
          {
            "name": "pollingInterval",
            "value": "2000"
          },
          {
            "name": "sendingDelay",
            "value": "1000"
          },
          {
            "name": "formatter",
            "value": "csv"
          },
          {
            "name": "delimiter",
            "value": ","
          },
           {
            "name": "csvEventType",
            "value": "CallPOPDWH"
          },
          {
            "name": "csvAttributeNames",
            "value": "object_id,billed_msdn,call_start_date,call_service,price_plan,calling_number,called_number,other_party_tel_number,call_direction,tap_related,call_cell_id,geo_destination,destination_zone,conversation_duration,charged_duration,charged_units,total_call_charge_amount,WCALL_COST,TOLL_COST,customer_activation_date,customer_type,OccurrenceTime"
          },
          {
            "name": "tagDataSeparator",
            "value": "="
          },
          {
            "name": "dateFormat",
            "value": "dd/MM/yyyy HH:mm"
          }
        ],
        "events": []
      }
    ],
    "name": "MobileFraud"
  }
}