{
  "epn": {
    "epas": [
      {
        "cardinalityPolicy": "Single",
        "epaType": "Basic",
        "inputEvents": [
          {
            "consumptionPolicy": "Consume",
            "name": "CallPOPDWH",
            "filterExpression": "CallPOPDWH.other_party_tel_number_prefix == 960 &&  EqualsIgnoreCase(CallPOPDWH.call_direction,'O')",
            "instanceSelectionPolicy": "First"
          }
        ],
        "internalSegmentation": [],
        "name": "halfFrequentLongCallsEPA",
        "context": "Always",
        "computedVariables": [],
        "evaluationPolicy": "Immediate",
        "derivedEvents": [
          {
            "name": "halfFrequentLongCalls",
            "reportParticipants": false,
            "expressions": {
              "call_start_date": "CallPOPDWH.call_start_date",
              "calling_number": "CallPOPDWH.calling_number",
              "call_direction": "CallPOPDWH.call_direction",
              "billed_msdn": "CallPOPDWH.billed_msdn",
              "conversation_duration": "CallPOPDWH.conversation_duration",
              "other_party_tel_number": "CallPOPDWH.other_party_tel_number",
              "called_number": "CallPOPDWH.called_number",
              "tap_related": "CallPOPDWH.tap_related",
              "call_start_time": "CallPOPDWH.call_start_time",
              "total_call_charge_amount": "CallPOPDWH.total_call_charge_amount",
              "other_party_tel_number_prefix": "CallPOPDWH.other_party_tel_number_prefix"
            }
          }
        ]
      },
      {
        "cardinalityPolicy": "Single",
        "epaType": "Basic",
        "inputEvents": [
          {
            "consumptionPolicy": "Consume",
            "name": "CallPOPDWH",
            "filterExpression": "CallPOPDWH.other_party_tel_number_prefix == 960 &&  EqualsIgnoreCase(CallPOPDWH.call_direction,'O')",
            "instanceSelectionPolicy": "First"
          }
        ],
        "internalSegmentation": [],
        "name": "halfExpensiveCallsEPA",
        "context": "Always",
        "computedVariables": [],
        "evaluationPolicy": "Immediate",
        "derivedEvents": [
          {
            "name": "halfExpensiveCalls",
            "reportParticipants": false,
            "expressions": {
              "call_start_date": "CallPOPDWH.call_start_date",
              "calling_number": "CallPOPDWH.calling_number",
              "call_direction": "CallPOPDWH.call_direction",
              "billed_msdn": "CallPOPDWH.billed_msdn",
              "conversation_duration": "CallPOPDWH.conversation_duration",
              "other_party_tel_number": "CallPOPDWH.other_party_tel_number",
              "called_number": "CallPOPDWH.called_number",
              "tap_related": "CallPOPDWH.tap_related",
              "call_start_time": "CallPOPDWH.call_start_time",
              "total_call_charge_amount": "CallPOPDWH.total_call_charge_amount",
              "other_party_tel_number_prefix": "CallPOPDWH.other_party_tel_number_prefix"
            }
          }
        ]
      },
      {
        "cardinalityPolicy": "Single",
        "epaType": "Basic",
        "inputEvents": [
          {
            "consumptionPolicy": "Consume",
            "name": "CallPOPDWH",
            "filterExpression": "CallPOPDWH.other_party_tel_number_prefix == 960 &&  EqualsIgnoreCase(CallPOPDWH.call_direction,'O') &&  CallPOPDWH.conversation_duration >= 60",
            "instanceSelectionPolicy": "First"
          }
        ],
        "internalSegmentation": [],
        "name": "halfFrequentEachLongCallEPA",
        "context": "Always",
        "computedVariables": [],
        "evaluationPolicy": "Immediate",
        "derivedEvents": [
          {
            "name": "halfFrequentEachLongCall",
            "reportParticipants": false,
            "expressions": {
              "call_start_date": "CallPOPDWH.call_start_date",
              "calling_number": "CallPOPDWH.calling_number",
              "call_direction": "CallPOPDWH.call_direction",
              "billed_msdn": "CallPOPDWH.billed_msdn",
              "conversation_duration": "CallPOPDWH.conversation_duration",
              "other_party_tel_number": "CallPOPDWH.other_party_tel_number",
              "called_number": "CallPOPDWH.called_number",
              "tap_related": "CallPOPDWH.tap_related",
              "call_start_time": "CallPOPDWH.call_start_time",
              "total_call_charge_amount": "CallPOPDWH.total_call_charge_amount",
              "other_party_tel_number_prefix": "CallPOPDWH.other_party_tel_number_prefix"
            }
          }
        ]
      },
      {
        "cardinalityPolicy": "Single",
        "createdDate": "Mon Mar 09 2015",
        "epaType": "Basic",
        "inputEvents": [
          {
            "consumptionPolicy": "Consume",
            "name": "CallPOPDWH",
            "filterExpression": "CallPOPDWH.other_party_tel_number_prefix == 960 &&  EqualsIgnoreCase(CallPOPDWH.call_direction,'O')  && (CallPOPDWH.call_start_time >= 19 || CallPOPDWH.call_start_time <= 6) && CallPOPDWH.conversation_duration >= 40",
            "instanceSelectionPolicy": "First"
          }
        ],
        "internalSegmentation": [],
        "name": "LongCallsAtNightEPA",
        "context": "Always",
        "computedVariables": [],
        "evaluationPolicy": "Immediate",
        "derivedEvents": [
          {
            "name": "LongCallAtNight",
            "reportParticipants": false,
            "expressions": {
              "call_start_date": "CallPOPDWH.call_start_date",
              "calling_number": "CallPOPDWH.calling_number",
              "call_direction": "CallPOPDWH.call_direction",
              "conversation_duration": "CallPOPDWH.conversation_duration",
              "Duration": "0",
              "other_party_tel_number": "CallPOPDWH.other_party_tel_number",
              "called_number": "CallPOPDWH.called_number"
            }
          }
        ]
      }
    ],
    "consumers": [
      {
        "createdDate": "Tue Sep 23 2014",
        "name": "Consumer",
        "type": "File",
        "properties": [
          {
            "name": "filename",
            "value": "D:\\EP\\Projects\\EU\\FERARI\\demo\\mobileFraudOutput.txt"
          },
          {
            "name": "formatter",
            "value": "tag"
          },
          {
            "name": "delimiter",
            "value": ";"
          },
          {
            "name": "tagDataSeparator",
            "value": "="
          },
          {
            "name": "SendingDelay",
            "value": "1000"
          },
          {
            "name": "dateFormat",
            "value": "dd/MM/yyyy-HH:mm:ss"
          }
        ],
        "events": [
          {
            "name": "CallPOPDWH"
          },
          {
            "name": "halfFrequentLongCalls"
          },
          {
            "name": "halfExpensiveCalls"
          },
          {
            "name": "halfFrequentEachLongCall"
          },
          {
            "name": "LongCallAtNight"
          }
        ]
      },
      {
        "createdDate": "Sun Nov 18 2012",
        "name": "EventDashboard",
        "type": "Rest",
        "properties": [
          {
            "name": "URL",
            "value": "http://localhost:8080/dashboard/events"
          },
          {
            "name": "contentType",
            "value": "text/json"
          },
          {
            "name": "formatter",
            "value": "json"
          },
          {
            "name": "dateFormat",
            "value": "dd.MM.yyyy G 'at' HH:mm:ss z"
          }
        ],
        "events": [
          {
            "name": "CallPOPDWH"
          },
          {
            "name": "halfFrequentLongCalls"
          },
          {
            "name": "halfExpensiveCalls"
          },
          {
            "name": "halfFrequentEachLongCall"
          },
          {
            "name": "LongCallAtNight"
          }
        ]
      }
    ],
    "contexts": {
      "composite": [],
      "segmentation": [],
      "temporal": [
        {
          "atStartup": true,
          "neverEnding": true,
          "createdDate": "Tue Sep 23 2014",
          "name": "Always",
          "terminators": [],
          "initiators": [],
          "type": "TemporalInterval"
        }
      ]
    },
    "events": [
      {
        "createdDate": "Tue Sep 23 2014",
        "name": "CallPOPDWH",
        "attributes": [
          {
            "defaultValue": "1",
            "name": "Certainty",
            "description": "The certainty that this event happen (value between 0 to 1)",
            "type": "Double",
            "dimension": 0
          },
          {
            "name": "OccurrenceTime",
            "description": "No value means it equals the event detection time, other option is to use one of the defined distribution functions with parameters",
            "type": "Date",
            "dimension": 0
          },
          {
            "name": "ExpirationTime",
            "type": "Date",
            "dimension": 0
          },
          {
            "name": "Cost",
            "description": "The cost of this event occurrence. Negative if this is an opportunity",
            "type": "Double",
            "dimension": 0
          },
          {
            "defaultValue": "0",
            "name": "Duration",
            "description": "Used in case the this event occur within an interval",
            "type": "Double",
            "dimension": 0
          },
          {
            "name": "other_party_tel_number",
            "type": "String",
            "dimension": 0
          },
          {
            "name": "other_party_tel_number_prefix",
            "type": "Integer",
            "dimension": 0
          },
          {
            "name": "object_id",
            "type": "String",
            "dimension": 0
          },
          {
            "name": "billed_msdn",
            "type": "String",
            "dimension": 0
          },
          {
            "name": "call_start_date",
            "type": "Date",
            "dimension": 0
          },
          {
            "name": "call_start_time",
            "type": "Integer",
            "dimension": 0
          },
          {
            "name": "calling_number",
            "type": "String",
            "dimension": 0
          },
          {
            "name": "called_number",
            "type": "String",
            "dimension": 0
          },
          {
            "name": "call_direction",
            "type": "String",
            "dimension": 0
          },
          {
            "name": "tap_related",
            "type": "String",
            "dimension": 0
          },
          {
            "name": "conversation_duration",
            "type": "Integer",
            "dimension": 0
          },
          {
            "name": "total_call_charge_amount",
            "type": "Double",
            "dimension": 0
          }
        ]
      },
      {
        "name": "halfFrequentLongCalls",
        "attributes": [
          {
            "defaultValue": "1",
            "name": "Certainty",
            "description": "The certainty that this event happen (value between 0 to 1)",
            "type": "Double",
            "dimension": 0
          },
          {
            "name": "OccurrenceTime",
            "description": "No value means it equals the event detection time, other option is to use one of the defined distribution functions with parameters",
            "type": "Date",
            "dimension": 0
          },
          {
            "name": "ExpirationTime",
            "type": "Date",
            "dimension": 0
          },
          {
            "name": "Cost",
            "description": "The cost of this event occurrence. Negative if this is an opportunity",
            "type": "Double",
            "dimension": 0
          },
          {
            "defaultValue": "0",
            "name": "Duration",
            "description": "Used in case the this event occur within an interval",
            "type": "Double",
            "dimension": 0
          },
          {
            "name": "other_party_tel_number",
            "type": "String",
            "dimension": 0
          },
          {
            "name": "other_party_tel_number_prefix",
            "type": "Integer",
            "dimension": 0
          },
          {
            "name": "object_id",
            "type": "String",
            "dimension": 0
          },
          {
            "name": "billed_msdn",
            "type": "String",
            "dimension": 0
          },
          {
            "name": "call_start_date",
            "type": "Date",
            "dimension": 0
          },
          {
            "name": "call_start_time",
            "type": "Integer",
            "dimension": 0
          },
          {
            "name": "calling_number",
            "type": "String",
            "dimension": 0
          },
          {
            "name": "called_number",
            "type": "String",
            "dimension": 0
          },
          {
            "name": "call_direction",
            "type": "String",
            "dimension": 0
          },
          {
            "name": "tap_related",
            "type": "String",
            "dimension": 0
          },
          {
            "name": "conversation_duration",
            "type": "Integer",
            "dimension": 0
          },
          {
            "name": "total_call_charge_amount",
            "type": "Double",
            "dimension": 0
          },
          {
            "defaultValue": "'center'",
            "name": "PushToCordinators",
            "description": "List of coordinators that this event should be pushed",
            "type": "String",
            "dimension": 0
          }
        ]
      },
      {
        "name": "halfExpensiveCalls",
        "attributes": [
          {
            "defaultValue": "1",
            "name": "Certainty",
            "description": "The certainty that this event happen (value between 0 to 1)",
            "type": "Double",
            "dimension": 0
          },
          {
            "name": "OccurrenceTime",
            "description": "No value means it equals the event detection time, other option is to use one of the defined distribution functions with parameters",
            "type": "Date",
            "dimension": 0
          },
          {
            "name": "ExpirationTime",
            "type": "Date",
            "dimension": 0
          },
          {
            "name": "Cost",
            "description": "The cost of this event occurrence. Negative if this is an opportunity",
            "type": "Double",
            "dimension": 0
          },
          {
            "defaultValue": "0",
            "name": "Duration",
            "description": "Used in case the this event occur within an interval",
            "type": "Double",
            "dimension": 0
          },
          {
            "name": "other_party_tel_number",
            "type": "String",
            "dimension": 0
          },
          {
            "name": "other_party_tel_number_prefix",
            "type": "Integer",
            "dimension": 0
          },
          {
            "name": "object_id",
            "type": "String",
            "dimension": 0
          },
          {
            "name": "billed_msdn",
            "type": "String",
            "dimension": 0
          },
          {
            "name": "call_start_date",
            "type": "Date",
            "dimension": 0
          },
          {
            "name": "call_start_time",
            "type": "Integer",
            "dimension": 0
          },
          {
            "name": "calling_number",
            "type": "String",
            "dimension": 0
          },
          {
            "name": "called_number",
            "type": "String",
            "dimension": 0
          },
          {
            "name": "call_direction",
            "type": "String",
            "dimension": 0
          },
          {
            "name": "tap_related",
            "type": "String",
            "dimension": 0
          },
          {
            "name": "conversation_duration",
            "type": "Integer",
            "dimension": 0
          },
          {
            "name": "total_call_charge_amount",
            "type": "Double",
            "dimension": 0
          },
          {
            "defaultValue": "'center , site2'",
            "name": "PushToCordinators",
            "description": "List of coordinators that this event should be pushed",
            "type": "String",
            "dimension": 0
          }
        ]
      },
      {
        "name": "halfFrequentEachLongCall",
        "attributes": [
          {
            "defaultValue": "1",
            "name": "Certainty",
            "description": "The certainty that this event happen (value between 0 to 1)",
            "type": "Double",
            "dimension": 0
          },
          {
            "name": "OccurrenceTime",
            "description": "No value means it equals the event detection time, other option is to use one of the defined distribution functions with parameters",
            "type": "Date",
            "dimension": 0
          },
          {
            "name": "ExpirationTime",
            "type": "Date",
            "dimension": 0
          },
          {
            "name": "Cost",
            "description": "The cost of this event occurrence. Negative if this is an opportunity",
            "type": "Double",
            "dimension": 0
          },
          {
            "defaultValue": "0",
            "name": "Duration",
            "description": "Used in case the this event occur within an interval",
            "type": "Double",
            "dimension": 0
          },
          {
            "name": "other_party_tel_number",
            "type": "String",
            "dimension": 0
          },
          {
            "name": "other_party_tel_number_prefix",
            "type": "Integer",
            "dimension": 0
          },
          {
            "name": "object_id",
            "type": "String",
            "dimension": 0
          },
          {
            "name": "billed_msdn",
            "type": "String",
            "dimension": 0
          },
          {
            "name": "call_start_date",
            "type": "Date",
            "dimension": 0
          },
          {
            "name": "call_start_time",
            "type": "Integer",
            "dimension": 0
          },
          {
            "name": "calling_number",
            "type": "String",
            "dimension": 0
          },
          {
            "name": "called_number",
            "type": "String",
            "dimension": 0
          },
          {
            "name": "call_direction",
            "type": "String",
            "dimension": 0
          },
          {
            "name": "tap_related",
            "type": "String",
            "dimension": 0
          },
          {
            "name": "conversation_duration",
            "type": "Integer",
            "dimension": 0
          },
          {
            "name": "total_call_charge_amount",
            "type": "Double",
            "dimension": 0
          },
          {
            "defaultValue": "'center'",
            "name": "PushToCordinators",
            "description": "List of coordinators that this event should be pushed",
            "type": "String",
            "dimension": 0
          }
        ]
      },
      {
        "createdDate": "Tue Sep 23 2014",
        "name": "LongCallAtNight",
        "attributes": [
          {
            "defaultValue": "1",
            "name": "Certainty",
            "description": "The certainty that this event happen (value between 0 to 1)",
            "type": "Double",
            "dimension": 0
          },
          {
            "name": "OccurrenceTime",
            "description": "No value means it equals the event detection time, other option is to use one of the defined distribution functions with parameters",
            "type": "Date",
            "dimension": 0
          },
          {
            "name": "ExpirationTime",
            "type": "Date",
            "dimension": 0
          },
          {
            "name": "Cost",
            "description": "The cost of this event occurrence. Negative if this is an opportunity",
            "type": "Double",
            "dimension": 0
          },
          {
            "defaultValue": "0",
            "name": "Duration",
            "description": "Used in case the this event occur within an interval",
            "type": "Double",
            "dimension": 0
          },
          {
            "name": "other_party_tel_number",
            "type": "String",
            "dimension": 0
          },
          {
            "name": "call_start_date",
            "type": "Date",
            "dimension": 0
          },
          {
            "name": "calling_number",
            "type": "String",
            "dimension": 0
          },
          {
            "name": "called_number",
            "type": "String",
            "dimension": 0
          },
          {
            "name": "call_direction",
            "type": "String",
            "dimension": 0
          },
          {
            "name": "conversation_duration",
            "type": "Integer",
            "dimension": 0
          },
          {
            "defaultValue": "'center'",
            "name": "PushToCordinators",
            "description": "List of coordinators that this event should be pushed",
            "type": "String",
            "dimension": 0
          }
        ]
      }
    ],
    "producers": [
      {
        "createdDate": "Tue Sep 23 2014",
        "name": "Producer",
        "type": "File",
        "properties": [
          {
            "name": "filename",
            "value": "D:/GitHub/Proton/IBM Proactive Technology Online/ProtonJ2SE/config/site1_ferari_POP_CDR_export_sample_20146.txt"
          },
          {
            "name": "pollingInterval",
            "value": "2000"
          },
          {
            "name": "sendingDelay",
            "value": "1000"
          },
          {
            "name": "formatter",           
            "value": "tag"
          },
          {
            "name": "delimiter",
            "value": ";"
          },
          {
            "name": "tagDataSeparator",
            "value": "="
          },
          {
            "name": "dateFormat",
            "value": "dd/MM/yyyy-HH:mm:ss"
          }
        ],
        "events": []
      }
    ]
  }
}