{
	"epn": {
		"events": [{
			"name": "Request",
			"createdDate": "Tue Jun 28 2016",
			"attributes": [{
				"name": "title",
				"type": "String",
				"dimension": "0"
			},
			{
				"name": "identifier",
				"type": "Integer",
				"dimension": "0"
			},
			{
				"name": "productId",
				"type": "Integer",
				"dimension": "0"
			},
			{
				"name": "requirement",
				"type": "Integer",
				"dimension": "0"
			},
			{
				"name": "creator",
				"type": "String",
				"dimension": 0
			},
			{
				"name": "modified",
				"type": "Date",
				"dimension": "0"
			}]
		},
		{
			"name": "OpenTicket",
			"createdDate": "Tue Jul 19 2016",
			"attributes": [{
				"name": "title",
				"type": "String",
				"dimension": "0"
			},
			{
				"name": "identifier",
				"type": "Integer",
				"dimension": "0"
			},
			{
				"name": "productId",
				"type": "Integer",
				"dimension": 0
			},
			{
				"name": "creator",
				"type": "String",
				"dimension": 0
			},
			{
				"name": "modified",
				"type": "Date",
				"dimension": "0"
			},
			{
				"name": "description",
				"type": "String",
				"dimension": "0"
			}]
		},
		{
			"name": "AlertHandler",
			"createdDate": "Mon Aug 22 2016",
			"attributes": [{
				"name": "title",
				"type": "String",
				"dimension": "0"
			},
			{
				"name": "description",
				"type": "String",
				"dimension": "0"
			}]
		}],
		"epas": [{
			"name": "OpenChangeRequest",
			"createdDate": "Mon Jul 25 2016",
			"epaType": "Basic",
			"context": "always",
			"inputEvents": [{
				"name": "Request",
				"alias": "R",
				"filterExpression": "(!IsNull(R.title)) && (!IsNull(R.identifier)) && (!EqualsIgnoreCase(R.title,''))",
				"consumptionPolicy": "Consume",
				"instanceSelectionPolicy": "First"
			}],			
			"evaluationPolicy": "Immediate",
			"cardinalityPolicy": "Single",
			"internalSegmentation": [],
			"derivedEvents": [{
				"name": "OpenTicket",
				"reportParticipants": false,
				"expressions": {
					"title": "R.title",
					"identifier": "R.identifier",
					"productId": "R.productId",
					"creator": "R.creator",
					"modified": "R.modified",
					"description": "\"Requirement \" ++ R.requirement ++ \" has been modified and the ticket \" ++ R.identifier ++ \" must be reopenend on OGzilla. The Change Request has been created by \" ++ R.creator ++ \" at \" ++ R.modified"
				}
			}]
		},
		{
			"name": "AlertEPA",
			"createdDate": "Mon Aug 22 2016",
			"epaType": "Basic",
			"context": "always",
			"inputEvents": [{
				"name": "Request",
				"alias": "R",
				"filterExpression": "IsNull(R.identifier)",
				"consumptionPolicy": "Consume",
				"instanceSelectionPolicy": "First"
			}],
			"computedVariables": [],
			"evaluationPolicy": "Immediate",
			"cardinalityPolicy": "Single",
			"internalSegmentation": [],
			"derivedEvents": [{
				"name": "AlertHandler",
				"reportParticipants": false,
				"expressions": {
					"title": "R.title",
					"description": "\"Error: It is not a Change Request. Identifier is not specified and no requirement has been modified.\""
				}
			}]
		}],
		"contexts": {
			"temporal": [{
				"name": "always",
				"createdDate": "Tue Jun 28 2016",
				"type": "TemporalInterval",
				"atStartup": true,
				"neverEnding": true,
				"initiators": [],
				"terminators": []
			}],
			"segmentation": [],
			"composite": []
		},
		"consumers": [{
			"name": "Output",
			"createdDate": "Tue Jul 19 2016",
			"type": "File",
			"properties": [{
				"name": "filename",
				"value": "D:/GitHub/Proton/IBM Proactive Technology Online/ProtonJ2SE/config/OutputCR.txt"
			},
			{
				"name": "formatter",
				"value": "tag"
			},
			{
				"name": "delimiter",
				"value": ";"
			},
			{
				"name": "tagDataSeparator",
				"value": "="
			},
			{
				"name": "dateFormat",
				"value": "dd/MM/yyyy-HH:mm:ss"
			}],
			"events": [
			{
				"name": "OpenTicket"
			},
			{
				"name": "Request"
			},
			{
				"name": "AlertHandler"
			}
			
			]
		}],
		"producers": [{
			"name": "FileProducer",
			"createdDate": "Tue Jul 19 2016",
			"type": "File",
			"properties": [
			{
				"name": "filename",
				"value": "D:/GitHub/Proton/IBM Proactive Technology Online/ProtonJ2SE/config/InputCR.txt"
			},
			{
				"name": "formatter",
				"value": "tag"
			},
			{
				"name": "delimiter",
				"value": ";"
			},
			{
				"name": "tagDataSeparator",
				"value": "="
			},
			{
				"name": "dateFormat",
				"value": "dd/MM/yyyy-HH:mm:ss"
			},					
          	{
           	 "name": "pollingInterval",
           	 "value": "100"
          	},
          	{
           	 "name": "sendingDelay",
           	 "value": "100"
          	}
			],
			
			"events": []
		}],
		"name": "Change_Request"
	}
}