{
  "epn": {
    "events": [
      {
        "name": "InputEvent",
        "createdDate": "Wed Mar 02 2016",
        "attributes": [
          {
            "name": "Certainty",
            "type": "Double",
            "defaultValue": "1",
            "dimension": 0,
            "description": "The certainty that this event happen (value between 0 to 1)"
          },
          {
            "name": "OccurrenceTime",
            "type": "Date",
            "dimension": 0,
            "description": "No value means it equals the event detection time, other option is to use one of the defined distribution functions with parameters"
          },
          {
            "name": "ExpirationTime",
            "type": "Date",
            "dimension": 0,
            "description": "Only till this time the cost and certainty parameters of the event are valid, and only till this time a proactive action is considered"
          },
          {
            "name": "Cost",
            "type": "Double",
            "dimension": 0,
            "description": "The cost of this event occurrence. Negative if this is an opportunity"
          },
          {
            "name": "Duration",
            "type": "Double",
            "defaultValue": "0",
            "dimension": 0,
            "description": "Used in case the this event occur within an interval"
          },
          {
            "name": "A1",
            "type": "Integer",
            "dimension": 0
          },
          {
            "name": "A2",
            "type": "String",
            "dimension": 0
          }
        ]
      },
      {
        "name": "OutputEvent",
        "createdDate": "Wed Mar 02 2016",
        "attributes": [
          {
            "name": "Certainty",
            "type": "Double",
            "defaultValue": "1",
            "dimension": 0,
            "description": "The certainty that this event happen (value between 0 to 1)"
          },
          {
            "name": "OccurrenceTime",
            "type": "Date",
            "dimension": 0,
            "description": "No value means it equals the event detection time, other option is to use one of the defined distribution functions with parameters"
          },
          {
            "name": "ExpirationTime",
            "type": "Date",
            "dimension": 0,
            "description": "Only till this time the cost and certainty parameters of the event are valid, and only till this time a proactive action is considered"
          },
          {
            "name": "Cost",
            "type": "Double",
            "dimension": 0,
            "description": "The cost of this event occurrence. Negative if this is an opportunity"
          },
          {
            "name": "Duration",
            "type": "Double",
            "defaultValue": "0",
            "dimension": 0,
            "description": "Used in case the this event occur within an interval"
          },
          {
            "name": "A1",
            "type": "Integer",
            "dimension": 0
          },
          {
            "name": "A2",
            "type": "String",
            "dimension": 0
          }
        ]
      }
    ],
    "epas": [
      {
        "name": "TrendOperator",
        "createdDate": "Wed Mar 02 2016",
        "epaType": "Trend",
        "context": "Composite",
        "inputEvents": [
          {
            "name": "InputEvent",
            "expression": "InputEvent.A1",
            "consumptionPolicy": "Consume",
            "instanceSelectionPolicy": "First"
          }
        ],
        "computedVariables": [],
        "evaluationPolicy": "Immediate",
        "cardinalityPolicy": "Single",
        "trendN": "4",
        "trendRelation": "Increase",
        "internalSegmentation": [],
        "derivedEvents": [
          {
            "name": "OutputEvent",
            "reportParticipants": false,
            "expressions": {
              "Duration": "0",
              "A1": "10"
            }
          }
        ],
        "derivedActions": []
      }
    ],
    "contexts": {
      "temporal": [
        {
          "name": "Always",
          "createdDate": "Wed Mar 02 2016",
          "type": "TemporalInterval",
          "atStartup": true,
          "neverEnding": true,
          "initiators": [],
          "terminators": []
        }
      ],
      "segmentation": [
        {
          "name": "A1Segmentation",
          "createdDate": "Wed Mar 02 2016",
          "participantEvents": [
            {
              "name": "InputEvent",
              "expression": "InputEvent.A2"
            },
            {
              "name": "OutputEvent",
              "expression": "OutputEvent.A2"
            }
          ]
        }
      ],
      "composite": [
        {
          "name": "Composite",
          "createdDate": "Wed Mar 02 2016",
          "temporalContexts": [
            {
              "name": "Always"
            }
          ],
          "segmentationContexts": [
            {
              "name": "A1Segmentation"
            }
          ]
        }
      ]
    },
    "consumers": [
      {
        "name": "TextConsumer",
        "createdDate": "Wed Mar 02 2016",
        "type": "File",
        "properties": [
          {
            "name": "filename",
            "value": "D:\\EP\\Projects\\EU\\testOutput.txt"
          },
          {
            "name": "formatter",
            "value": "tag"
          },
          {
            "name": "delimiter",
            "value": ";"
          },
          {
            "name": "tagDataSeparator",
            "value": "="
          },
          {
            "name": "SendingDelay",
            "value": "1000"
          },
          {
            "name": "dateFormat",
            "value": "dd/MM/yyyy-HH:mm:ss"
          }
        ],
        "events": [
          {
            "name": "InputEvent"
          },
          {
            "name": "OutputEvent"
          }
        ],
        "actions": []
      }
    ],
    "producers": [
      {
        "name": "FileProducer",
        "createdDate": "Wed Mar 02 2016",
        "type": "File",
        "properties": [
          {
            "name": "filename",
            "value": "D:\\EP\\Projects\\EU\\test.txt"
          },
          {
            "name": "pollingInterval",
            "value": "1000"
          },
          {
            "name": "sendingDelay",
            "value": "1000"
          },
          {
            "name": "formatter",
            "value": "tag"
          },
          {
            "name": "delimiter",
            "value": ";"
          },
          {
            "name": "tagDataSeparator",
            "value": "="
          },
          {
            "name": "dateFormat",
            "value": "dd/MM/yyyy-HH:mm:ss"
          }
        ],
        "events": []
      }
    ],
    "actions": [],
    "name": "TestTrend"
  }
}