{
  "epn": {
    "events": [
      {
        "name": "SensorReading",
        "attributes": [
          {
            "dimension": 0,
            "description": "The certainty that this event happen (value between 0 to 1)",
            "name": "Certainty",
            "defaultValue": "1",
            "type": "Double"
          },
          {
            "dimension": 0,
            "description": "No value means it equals the event detection time, other option is to use one of the defined distribution functions with parameters",
            "name": "OccurrenceTime",
            "type": "Date"
          },
          {
            "dimension": 0,
            "name": "ExpirationTime",
            "type": "Date"
          },
          {
            "dimension": 0,
            "description": "The cost of this event occurrence. Negative if this is an opportunity",
            "name": "Cost",
            "type": "Double"
          },
          {
            "dimension": 0,
            "description": "Used in case the this event occur within an interval",
            "name": "Duration",
            "defaultValue": "0",
            "type": "Double"
          },
          {
            "dimension": 0,
            "name": "sensorID",
            "type": "String"
          },
          {
            "dimension": 0,
            "name": "sensorType",
            "type": "String"
          },
          {
            "dimension": 0,
            "name": "workstationID",
            "type": "String"
          },
          {
            "dimension": 0,
            "name": "userID",
            "type": "String"
          },
          {
            "dimension": 0,
            "name": "sensorValue",
            "type": "Integer"
          },
           {
            "dimension": 0,
            "name": "readingDate",
            "type": "Date"
          }
        ],
        "createdDate": "Tue Dec 22 2015"
      },
      {
        "name": "HighTemperatureAlert",
        "attributes": [
          {
            "dimension": 0,
            "description": "The certainty that this event happen (value between 0 to 1)",
            "name": "Certainty",
            "defaultValue": "1",
            "type": "Double"
          },
          {
            "dimension": 0,
            "description": "No value means it equals the event detection time, other option is to use one of the defined distribution functions with parameters",
            "name": "OccurrenceTime",
            "type": "Date"
          },
          {
            "dimension": 0,
            "name": "ExpirationTime",
            "type": "Date"
          },
          {
            "dimension": 0,
            "description": "The cost of this event occurrence. Negative if this is an opportunity",
            "name": "Cost",
            "type": "Double"
          },
          {
            "dimension": 0,
            "description": "Used in case the this event occur within an interval",
            "name": "Duration",
            "defaultValue": "0",
            "type": "Double"
          },
          {
            "dimension": 0,
            "name": "workstationID",
            "type": "String"
          }
        ],
        "createdDate": "Tue Dec 22 2015"
      },
      {
        "name": "NoiseLevelAlert",
        "attributes": [
          {
            "dimension": 0,
            "description": "The certainty that this event happen (value between 0 to 1)",
            "name": "Certainty",
            "defaultValue": "1",
            "type": "Double"
          },
          {
            "dimension": 0,
            "description": "No value means it equals the event detection time, other option is to use one of the defined distribution functions with parameters",
            "name": "OccurrenceTime",
            "type": "Date"
          },
          {
            "dimension": 0,
            "name": "ExpirationTime",
            "type": "Date"
          },
          {
            "dimension": 0,
            "description": "The cost of this event occurrence. Negative if this is an opportunity",
            "name": "Cost",
            "type": "Double"
          },
          {
            "dimension": 0,
            "description": "Used in case the this event occur within an interval",
            "name": "Duration",
            "defaultValue": "0",
            "type": "Double"
          },
          {
            "dimension": 0,
            "name": "workstationID",
            "type": "String"
          }
        ],
        "createdDate": "Tue Dec 22 2015"
      },
      {
        "name": "UserSittingMoreThanOneHourAlert",
        "attributes": [
          {
            "dimension": 0,
            "description": "The certainty that this event happen (value between 0 to 1)",
            "name": "Certainty",
            "defaultValue": "1",
            "type": "Double"
          },
          {
            "dimension": 0,
            "description": "No value means it equals the event detection time, other option is to use one of the defined distribution functions with parameters",
            "name": "OccurrenceTime",
            "type": "Date"
          },
          {
            "dimension": 0,
            "name": "ExpirationTime",
            "type": "Date"
          },
          {
            "dimension": 0,
            "description": "The cost of this event occurrence. Negative if this is an opportunity",
            "name": "Cost",
            "type": "Double"
          },
          {
            "dimension": 0,
            "description": "Used in case the this event occur within an interval",
            "name": "Duration",
            "defaultValue": "0",
            "type": "Double"
          },
          {
            "dimension": 0,
            "name": "workstationID",
            "type": "String"
          },
          {
            "dimension": 0,
            "name": "userID",
            "type": "String"
          }
        ],
        "createdDate": "Tue Dec 22 2015"
      },
      {
        "name": "PressureSummaryEvent",
        "attributes": [
          {
            "dimension": 0,
            "description": "The certainty that this event happen (value between 0 to 1)",
            "name": "Certainty",
            "defaultValue": "1",
            "type": "Double"
          },
          {
            "dimension": 0,
            "description": "No value means it equals the event detection time, other option is to use one of the defined distribution functions with parameters",
            "name": "OccurrenceTime",
            "type": "Date"
          },
          {
            "dimension": 0,
            "name": "ExpirationTime",
            "type": "Date"
          },
          {
            "dimension": 0,
            "description": "The cost of this event occurrence. Negative if this is an opportunity",
            "name": "Cost",
            "type": "Double"
          },
          {
            "dimension": 0,
            "description": "Used in case the this event occur within an interval",
            "name": "Duration",
            "defaultValue": "0",
            "type": "Double"
          },
          {
            "dimension": "0",
            "name": "PressureSum",
            "type": "Double"
          },
          {
            "dimension": 0,
            "name": "workstationId",
            "type": "String"
          },
          {
            "dimension": 0,
            "name": "userID",
            "type": "String"
          }
        ],
        "createdDate": "Wed Dec 23 2015"
      },
      {
        "name": "UserNotSitting5MinsEvent",
        "attributes": [
          {
            "dimension": 0,
            "description": "The certainty that this event happen (value between 0 to 1)",
            "name": "Certainty",
            "defaultValue": "1",
            "type": "Double"
          },
          {
            "dimension": 0,
            "description": "No value means it equals the event detection time, other option is to use one of the defined distribution functions with parameters",
            "name": "OccurrenceTime",
            "type": "Date"
          },
          {
            "dimension": 0,
            "name": "ExpirationTime",
            "type": "Date"
          },
          {
            "dimension": 0,
            "description": "The cost of this event occurrence. Negative if this is an opportunity",
            "name": "Cost",
            "type": "Double"
          },
          {
            "dimension": 0,
            "description": "Used in case the this event occur within an interval",
            "name": "Duration",
            "defaultValue": "0",
            "type": "Double"
          },
          {
            "dimension": 0,
            "name": "workstationId",
            "type": "String"
          },
          {
            "dimension": 0,
            "name": "userID",
            "type": "String"
          }
        ],
        "createdDate": "Wed Dec 23 2015"
      }
    ],
    "name": "Psymbiosys",
    "consumers": [
      {
        "events": [
          {
            "name": "SensorReading"
          },
          {
            "name": "HighTemperatureAlert"
          },
          {
            "name": "NoiseLevelAlert"
          },
          {
            "name": "UserSittingMoreThanOneHourAlert"
          },
          {
            "name": "PressureSummaryEvent"
          },
          {
            "name": "UserNotSitting5MinsEvent"
          }
        ],
        "name": "Consumer",
        "properties": [
          {
            "name": "filename",
            "value": "D:\\EP\\Projects\\EU\\PSYMBIOSYS\\usecases\\AIDIMA\\aidimaOutput.txt"
          },
          {
            "name": "formatter",
            "value": "tag"
          },
          {
            "name": "delimiter",
            "value": ";"
          },
          {
            "name": "tagDataSeparator",
            "value": "="
          },
          {
            "name": "SendingDelay",
            "value": "1000"
          },
          {
            "name": "dateFormat",
            "value": "dd/MM/yyyy-HH:mm:ss"
          }
        ],
        "type": "File",
        "createdDate": "Tue Sep 23 2014"
      },
       {
                "name": "EventDashboard",
                "createdDate": "Sun Nov 18 2012",
                "type": "Rest",
                "properties": [
                    {
                        "name": "URL",
                        "value": "http://localhost:8080/dashboard/events"
                    },
                    {
                        "name": "contentType",
                        "value": "text/json"
                    },
                    {
                        "name": "formatter",
                        "value": "json"
                    },
                    {
                        "name": "dateFormat",
                        "value": "dd.MM.yyyy G 'at' HH:mm:ss z"
                    }
                ],
                "events": [
                      {
            "name": "SensorReading"
          },
          {
            "name": "HighTemperatureAlert"
          },
          {
            "name": "NoiseLevelAlert"
          },
          {
            "name": "UserSittingMoreThanOneHourAlert"
          }
                ]
            }
    ],
    "epas": [
      {
        "inputEvents": [
          {
            "instanceSelectionPolicy": "First",
            "filterExpression": "EqualsIgnoreCase(SensorReading.sensorType,'temperature') AND SensorReading.sensorValue < 27",
            "name": "SensorReading",
            "consumptionPolicy": "Consume"
          }
        ],
        "derivedEvents": [
          {
            "name": "HighTemperatureAlert",
            "reportParticipants": false,
            "expressions": {
              "Duration": "0",
              "workstationID": "context.SegmentationByWorkspace"
            }
          }
        ],
        "evaluationPolicy": "Deferred",
        "name": "AlertHighTemperatureEPA",
        "internalSegmentation": [],
        "context": "Composite20minsWorkspaceID",
        "epaType": "Aggregate",
        "cardinalityPolicy": "Single",
        "assertion": "Count < 1",
        "createdDate": "Tue Dec 22 2015",
        "computedVariables": [
          {
            "name": "Count",
            "SensorReading": "1",
            "aggregationType": "Count"
          }
        ]
      },
      {
        "inputEvents": [
          {
            "instanceSelectionPolicy": "First",
            "filterExpression": "EqualsIgnoreCase(SensorReading.sensorType,'noise')",
            "name": "SensorReading",
            "consumptionPolicy": "Consume"
          }
        ],
        "derivedEvents": [
          {
            "name": "NoiseLevelAlert",
            "reportParticipants": false,
            "expressions": {
              "Duration": "0",
              "workstationID": "context.SegmentationByWorkspace"
            }
          }
        ],
        "evaluationPolicy": "Immediate",
        "name": "AlertNoiseLevelsEPA",
        "internalSegmentation": [],
        "context": "Composite5minsNoiseReading",
        "epaType": "Aggregate",
        "cardinalityPolicy": "Single",
        "assertion": "Count >=5",
        "createdDate": "Wed Dec 23 2015",
        "computedVariables": [
          {
            "name": "Count",
            "SensorReading": "1",
            "aggregationType": "Count"
          }
        ]
      },
      {
        "inputEvents": [
          {
            "instanceSelectionPolicy": "First",
            "filterExpression": "EqualsIgnoreCase(SensorReading.sensorType,'pressure')",
            "name": "SensorReading",
            "consumptionPolicy": "Consume"
          }
        ],
        "derivedEvents": [
          {
            "name": "PressureSummaryEvent",
            "reportParticipants": false,
            "expressions": {
              "userID": "ArrayGet(SensorReading.userID,0)",
              "PressureSum": "Sum",
              "Duration": "0",
              "workstationId": "context.SegmentationByWorkspace"
            }
          }
        ],
        "evaluationPolicy": "Deferred",
        "name": "CalculatePressureEPA",
        "internalSegmentation": [],
        "context": "PressureEveryMinuteWorkspace",
        "epaType": "Aggregate",
        "cardinalityPolicy": "Single",
        "createdDate": "Wed Dec 23 2015",
        "computedVariables": [
          {
            "name": "Sum",
            "SensorReading": "SensorReading.sensorValue",
            "aggregationType": "Sum"
          }
        ]
      },
      {
        "inputEvents": [
          {
            "instanceSelectionPolicy": "First",
            "filterExpression": "PressureSummaryEvent.PressureSum >0",
            "name": "PressureSummaryEvent",
            "consumptionPolicy": "Consume"
          }
        ],
        "derivedEvents": [
          {
            "name": "UserNotSitting5MinsEvent",
            "reportParticipants": false,
            "expressions": {
              "userID": "context.SegmentationByUser",
              "Duration": "0",
              "workstationId": "context.SegmentationByWorkspace"
            }
          }
        ],
        "evaluationPolicy": "Deferred",
        "name": "UserNotSitting5MinsEPA",
        "internalSegmentation": [],
        "context": "UserNotSitting5minsWorkspace",
        "epaType": "Aggregate",
        "cardinalityPolicy": "Single",
        "assertion": "Count <1",
        "createdDate": "Wed Dec 23 2015",
        "computedVariables": [
          {
            "PressureSummaryEvent": "1",
            "name": "Count",
            "aggregationType": "Count"
          }
        ]
      },
      {
        "inputEvents": [
          {
            "instanceSelectionPolicy": "First",
            "name": "UserNotSitting5MinsEvent",
            "consumptionPolicy": "Consume"
          }
        ],
        "derivedEvents": [
          {
            "name": "UserSittingMoreThanOneHourAlert",
            "reportParticipants": false,
            "expressions": {
              "userID": "context.SegmentationByUser",
              "Duration": "0",
              "workstationID": "context.SegmentationByWorkspace"
            }
          }
        ],
        "evaluationPolicy": "Deferred",
        "name": "UserSittingMoreHourEPA",
        "internalSegmentation": [],
        "context": "UserSittingHourWorkspace",
        "epaType": "Aggregate",
        "cardinalityPolicy": "Single",
        "assertion": "Count < 1",
        "createdDate": "Wed Dec 23 2015",
        "computedVariables": [
          {
            "name": "Count",
            "UserNotSitting5MinsEvent": "1",
            "aggregationType": "Count"
          }
        ]
      }
    ],
    "contexts": {
      "temporal": [
        {
          "terminators": [
            {
              "terminationType": "Terminate",
              "relativeTime": "200000",
              "terminatorType": "RelativeTime"
            }
          ],
          "neverEnding": false,
          "atStartup": false,
          "name": "TemperatureReading20mins",
          "type": "TemporalInterval",
          "createdDate": "Tue Dec 22 2015",
          "initiators": [
            {
              "initiatorPolicy": "Add",
              "condition": "EqualsIgnoreCase(SensorReading.sensorType,'temperature') AND SensorReading.sensorValue >= 27",
              "name": "SensorReading",
              "initiatorType": "Event"
            }
          ]
        },
        {
          "terminators": [
            {
              "terminationType": "Terminate",
              "relativeTime": "50000",
              "terminatorType": "RelativeTime"
            }
          ],
          "neverEnding": false,
          "atStartup": false,
          "name": "NoiseReading5mins",
          "type": "TemporalInterval",
          "createdDate": "Wed Dec 23 2015",
          "initiators": [
            {
              "initiatorPolicy": "Add",
              "condition": "EqualsIgnoreCase(SensorReading.sensorType,'noise') ",
              "name": "SensorReading",
              "initiatorType": "Event"
            }
          ]
        },
        {
          "terminators": [
            {
              "terminationType": "Terminate",
              "relativeTime": "5000",
              "terminatorType": "RelativeTime"
            }
          ],
          "neverEnding": false,
          "atStartup": false,
          "name": "PressureEveryMinute",
          "type": "TemporalInterval",
          "createdDate": "Wed Dec 23 2015",
          "initiators": [
            {
              "initiatorPolicy": "Ignore",
              "condition": "EqualsIgnoreCase(SensorReading.sensorType,'pressure') ",
              "name": "SensorReading",
              "initiatorType": "Event"
            }
          ]
        },
        {
          "terminators": [
            {
              "terminationType": "Terminate",
              "relativeTime": "50000",
              "terminatorType": "RelativeTime"
            }
          ],
          "neverEnding": false,
          "atStartup": false,
          "name": "UserNotSitting5Mins",
          "type": "TemporalInterval",
          "createdDate": "Wed Dec 23 2015",
          "initiators": [
            {
              "initiatorPolicy": "Ignore",
              "condition": "PressureSummaryEvent.PressureSum == 0",
              "name": "PressureSummaryEvent",
              "initiatorType": "Event"
            }
          ]
        },
        {
          "terminators": [
            {
              "terminationType": "Terminate",
              "relativeTime": "600000",
              "terminatorType": "RelativeTime"
            }
          ],
          "neverEnding": false,
          "atStartup": false,
          "name": "UserSittingForHour",
          "type": "TemporalInterval",
          "createdDate": "Wed Dec 23 2015",
          "initiators": [
            {
              "initiatorPolicy": "Add",
              "condition": "PressureSummaryEvent.PressureSum > 0",
              "name": "PressureSummaryEvent",
              "initiatorType": "Event"
            }
          ]
        }
      ],
      "segmentation": [
        {
          "name": "SegmentationByWorkspace",
          "participantEvents": [
            {
              "expression": "SensorReading.workstationID",
              "name": "SensorReading"
            },
            {
              "expression": "PressureSummaryEvent.workstationId",
              "name": "PressureSummaryEvent"
            },
            {
              "expression": "UserNotSitting5MinsEvent.workstationId",
              "name": "UserNotSitting5MinsEvent"
            }
          ],
          "createdDate": "Tue Dec 22 2015"
        },
        {
          "name": "SegmentationByUser",
          "participantEvents": [
            {
              "expression": "PressureSummaryEvent.userID",
              "name": "PressureSummaryEvent"
            },
            {
              "expression": "UserNotSitting5MinsEvent.userID",
              "name": "UserNotSitting5MinsEvent"
            }
          ],
          "createdDate": "Tue Dec 22 2015"
        }
      ],
      "composite": [
        {
          "segmentationContexts": [
            {
              "name": "SegmentationByWorkspace"
            }
          ],
          "temporalContexts": [
            {
              "name": "TemperatureReading20mins"
            }
          ],
          "name": "Composite20minsWorkspaceID",
          "createdDate": "Tue Dec 22 2015"
        },
        {
          "segmentationContexts": [
            {
              "name": "SegmentationByWorkspace"
            }
          ],
          "temporalContexts": [
            {
              "name": "NoiseReading5mins"
            }
          ],
          "name": "Composite5minsNoiseReading",
          "createdDate": "Wed Dec 23 2015"
        },
        {
          "segmentationContexts": [
            {
              "name": "SegmentationByWorkspace"
            }
          ],
          "temporalContexts": [
            {
              "name": "PressureEveryMinute"
            }
          ],
          "name": "PressureEveryMinuteWorkspace",
          "createdDate": "Wed Dec 23 2015"
        },
        {
          "segmentationContexts": [
            {
              "name": "SegmentationByWorkspace"
            },
            {
              "name": "SegmentationByUser"
            }
          ],
          "temporalContexts": [
            {
              "name": "UserNotSitting5Mins"
            }
          ],
          "name": "UserNotSitting5minsWorkspace",
          "createdDate": "Wed Dec 23 2015"
        },
        {
          "segmentationContexts": [
            {
              "name": "SegmentationByWorkspace"
            },
            {
              "name": "SegmentationByUser"
            }
          ],
          "temporalContexts": [
            {
              "name": "UserSittingForHour"
            }
          ],
          "name": "UserSittingHourWorkspace",
          "createdDate": "Wed Dec 23 2015"
        }
      ]
    },
    "producers": [
      {
        "events": [],
        "name": "Producer",
        "properties": [
          {
            "name": "filename",
            "value": "D:\\EP\\Projects\\Proton\\OpenSourceWorkspace\\ProtonEU\\PSYMBIOSYS\\AIDIMA\\factlist2file 2151223Short.csv"
          },
          {
            "name": "pollingInterval",
            "value": "2000"
          },
          {
            "name": "sendingDelay",
            "value": "1000"
          },
          {
            "name": "formatter",
            "value": "csv"
          },
          {
            "name": "delimiter",
            "value": ","
          },
          {
            "name": "csvEventType",
            "value": "SensorReading"
          },
          {
            "name": "csvAttributeNames",
            "value": "readingDate,sensorID,sensorType,workstationID,userID,sensorValue,OccurrenceTime"
          },
          {
            "name": "tagDataSeparator",
            "value": "="
          },
          {
            "name": "dateFormat",
            "value": "dd/MM/yyyy HH:mm"
          }
        ],
        "type": "Timed",
        "createdDate": "Tue Sep 23 2014"
      }
    ]
  }
}