{
  "epn": {
    "events": [
      {
        "name": "SensorReading",
        "createdDate": "Tue Dec 22 2015",
        "attributes": [
          {
            "name": "Certainty",
            "type": "Double",
            "defaultValue": "1",
            "dimension": 0,
            "description": "The certainty that this event happen (value between 0 to 1)"
          },
          {
            "name": "OccurrenceTime",
            "type": "Date",
            "dimension": 0,
            "description": "No value means it equals the event detection time, other option is to use one of the defined distribution functions with parameters"
          },
          {
            "name": "ExpirationTime",
            "type": "Date",
            "dimension": 0
          },
          {
            "name": "Cost",
            "type": "Double",
            "dimension": 0,
            "description": "The cost of this event occurrence. Negative if this is an opportunity"
          },
          {
            "name": "Duration",
            "type": "Double",
            "defaultValue": "0",
            "dimension": 0,
            "description": "Used in case the this event occur within an interval"
          },
          {
            "name": "sensorID",
            "type": "String",
            "dimension": 0
          },
          {
            "name": "sensorType",
            "type": "String",
            "dimension": 0
          },
          {
            "name": "workstationID",
            "type": "String",
            "dimension": 0
          },
          {
            "name": "userID",
            "type": "String",
            "dimension": 0
          },
          {
            "name": "sensorValue",
            "type": "Integer",
            "dimension": 0
          }
        ]
      },
      {
        "name": "HighTemperatureAlert",
        "createdDate": "Tue Dec 22 2015",
        "attributes": [
          {
            "name": "Certainty",
            "type": "Double",
            "defaultValue": "1",
            "dimension": 0,
            "description": "The certainty that this event happen (value between 0 to 1)"
          },
          {
            "name": "OccurrenceTime",
            "type": "Date",
            "dimension": 0,
            "description": "No value means it equals the event detection time, other option is to use one of the defined distribution functions with parameters"
          },
          {
            "name": "ExpirationTime",
            "type": "Date",
            "dimension": 0
          },
          {
            "name": "Cost",
            "type": "Double",
            "dimension": 0,
            "description": "The cost of this event occurrence. Negative if this is an opportunity"
          },
          {
            "name": "Duration",
            "type": "Double",
            "defaultValue": "0",
            "dimension": 0,
            "description": "Used in case the this event occur within an interval"
          },
          {
            "name": "workstationID",
            "type": "String",
            "dimension": 0
          }
        ]
      },
      {
        "name": "NoiseLevelAlert",
        "createdDate": "Tue Dec 22 2015",
        "attributes": [
          {
            "name": "Certainty",
            "type": "Double",
            "defaultValue": "1",
            "dimension": 0,
            "description": "The certainty that this event happen (value between 0 to 1)"
          },
          {
            "name": "OccurrenceTime",
            "type": "Date",
            "dimension": 0,
            "description": "No value means it equals the event detection time, other option is to use one of the defined distribution functions with parameters"
          },
          {
            "name": "ExpirationTime",
            "type": "Date",
            "dimension": 0
          },
          {
            "name": "Cost",
            "type": "Double",
            "dimension": 0,
            "description": "The cost of this event occurrence. Negative if this is an opportunity"
          },
          {
            "name": "Duration",
            "type": "Double",
            "defaultValue": "0",
            "dimension": 0,
            "description": "Used in case the this event occur within an interval"
          },
          {
            "name": "workstationID",
            "type": "String",
            "dimension": 0
          }
        ]
      },
      {
        "name": "UserSittingMoreThanOneHourAlert",
        "createdDate": "Tue Dec 22 2015",
        "attributes": [
          {
            "name": "Certainty",
            "type": "Double",
            "defaultValue": "1",
            "dimension": 0,
            "description": "The certainty that this event happen (value between 0 to 1)"
          },
          {
            "name": "OccurrenceTime",
            "type": "Date",
            "dimension": 0,
            "description": "No value means it equals the event detection time, other option is to use one of the defined distribution functions with parameters"
          },
          {
            "name": "ExpirationTime",
            "type": "Date",
            "dimension": 0
          },
          {
            "name": "Cost",
            "type": "Double",
            "dimension": 0,
            "description": "The cost of this event occurrence. Negative if this is an opportunity"
          },
          {
            "name": "Duration",
            "type": "Double",
            "defaultValue": "0",
            "dimension": 0,
            "description": "Used in case the this event occur within an interval"
          },
          {
            "name": "workstationID",
            "type": "String",
            "dimension": 0
          },
          {
            "name": "userID",
            "type": "String",
            "dimension": 0
          }
        ]
      },
      {
        "name": "PressureSummaryEvent",
        "createdDate": "Wed Dec 23 2015",
        "attributes": [
          {
            "name": "Certainty",
            "type": "Double",
            "defaultValue": "1",
            "dimension": 0,
            "description": "The certainty that this event happen (value between 0 to 1)"
          },
          {
            "name": "OccurrenceTime",
            "type": "Date",
            "dimension": 0,
            "description": "No value means it equals the event detection time, other option is to use one of the defined distribution functions with parameters"
          },
          {
            "name": "ExpirationTime",
            "type": "Date",
            "dimension": 0
          },
          {
            "name": "Cost",
            "type": "Double",
            "dimension": 0,
            "description": "The cost of this event occurrence. Negative if this is an opportunity"
          },
          {
            "name": "Duration",
            "type": "Double",
            "defaultValue": "0",
            "dimension": 0,
            "description": "Used in case the this event occur within an interval"
          },
          {
            "name": "PressureSum",
            "type": "Double",
            "dimension": "0"
          },
          {
            "name": "workstationId",
            "type": "String",
            "dimension": 0
          },
                    {
            "name": "userID",
            "type": "String",
            "dimension": 0
          }
          
        ]
      },
      {
        "name": "UserNotSitting5MinsEvent",
        "createdDate": "Wed Dec 23 2015",
        "attributes": [
          {
            "name": "Certainty",
            "type": "Double",
            "defaultValue": "1",
            "dimension": 0,
            "description": "The certainty that this event happen (value between 0 to 1)"
          },
          {
            "name": "OccurrenceTime",
            "type": "Date",
            "dimension": 0,
            "description": "No value means it equals the event detection time, other option is to use one of the defined distribution functions with parameters"
          },
          {
            "name": "ExpirationTime",
            "type": "Date",
            "dimension": 0
          },
          {
            "name": "Cost",
            "type": "Double",
            "dimension": 0,
            "description": "The cost of this event occurrence. Negative if this is an opportunity"
          },
          {
            "name": "Duration",
            "type": "Double",
            "defaultValue": "0",
            "dimension": 0,
            "description": "Used in case the this event occur within an interval"
          },
          {
            "name": "workstationId",
            "type": "String",
            "dimension": 0
          },
          {
            "name": "userID",
            "type": "String",
            "dimension": 0
          }
          
        ]
      }
    ],
    "epas": [
      {
        "name": "AlertHighTemperatureEPA",
        "createdDate": "Tue Dec 22 2015",
        "epaType": "Aggregate",
        "context": "Composite20minsWorkspaceID",
        "inputEvents": [
          {
            "name": "SensorReading",
            "filterExpression": "EqualsIgnoreCase(SensorReading.sensorType,'temperature') AND SensorReading.sensorValue < 27",
            "consumptionPolicy": "Consume",
            "instanceSelectionPolicy": "First"
          }
        ],
        "computedVariables": [
          {
            "name": "Count",
            "aggregationType": "Count",
            "SensorReading": "1"
          }
        ],
        "assertion": "Count < 1",
        "evaluationPolicy": "Deferred",
        "cardinalityPolicy": "Single",
        "internalSegmentation": [],
        "derivedEvents": [
          {
            "name": "HighTemperatureAlert",
            "reportParticipants": false,
            "expressions": {
              "Duration": "0",
              "workstationID": "context.SegmentationByWorkspace"
            }
          }
        ]
      },
      {
        "name": "AlertNoiseLevelsEPA",
        "createdDate": "Wed Dec 23 2015",
        "epaType": "Aggregate",
        "context": "Composite5minsNoiseReading",
        "inputEvents": [
          {
            "name": "SensorReading",
            "filterExpression": "EqualsIgnoreCase(SensorReading.sensorType,'noise')",
            "consumptionPolicy": "Consume",
            "instanceSelectionPolicy": "First"
          }
        ],
        "computedVariables": [
          {
            "name": "Count",
            "aggregationType": "Count",
            "SensorReading": "1"
          }
        ],
        "assertion": "Count >=5",
        "evaluationPolicy": "Immediate",
        "cardinalityPolicy": "Single",
        "internalSegmentation": [],
        "derivedEvents": [
          {
            "name": "NoiseLevelAlert",
            "reportParticipants": false,
            "expressions": {
              "Duration": "0",
              "workstationID": "context.SegmentationByWorkspace"
            }
          }
        ]
      },
      {
        "name": "CalculatePressureEPA",
        "createdDate": "Wed Dec 23 2015",
        "epaType": "Aggregate",
        "context": "PressureEveryMinuteWorkspace",
        "inputEvents": [
          {
            "name": "SensorReading",
            "filterExpression": "EqualsIgnoreCase(SensorReading.sensorType,'pressure')",
            "consumptionPolicy": "Consume",
            "instanceSelectionPolicy": "First"
          }
        ],
        "computedVariables": [
          {
            "name": "Sum",
            "aggregationType": "Sum",
            "SensorReading": "SensorReading.sensorValue"
          }
        ],
        "evaluationPolicy": "Deferred",
        "cardinalityPolicy": "Single",
        "internalSegmentation": [],
        "derivedEvents": [
          {
            "name": "PressureSummaryEvent",
            "reportParticipants": false,
            "expressions": {
              "Duration": "0",
              "PressureSum": "Sum",
              "workstationId": "context.SegmentationByWorkspace",
               "userID":"ArrayGet(SensorReading.userID,0)"
              
            }
          }
        ]
      },
      {
        "name": "UserNotSitting5MinsEPA",
        "createdDate": "Wed Dec 23 2015",
        "epaType": "Aggregate",
        "context": "UserNotSitting5minsWorkspace",
        "inputEvents": [
          {
            "name": "PressureSummaryEvent",
            "filterExpression": "PressureSummaryEvent.PressureSum >0",
            "consumptionPolicy": "Consume",
            "instanceSelectionPolicy": "First"
          }
        ],
        "computedVariables": [
          {
            "name": "Count",
            "aggregationType": "Count",
            "PressureSummaryEvent": "1"
          }
        ],
        "assertion": "Count <1",
        "evaluationPolicy": "Deferred",
        "cardinalityPolicy": "Single",
        "internalSegmentation": [],
        "derivedEvents": [
          {
            "name": "UserNotSitting5MinsEvent",
            "reportParticipants": false,
            "expressions": {
              "Duration": "0",
              "workstationId": "context.SegmentationByWorkspace",
              "userID":"context.SegmentationByUser"
            }
          }
        ]
      },
      {
        "name": "UserSittingMoreHourEPA",
        "createdDate": "Wed Dec 23 2015",
        "epaType": "Aggregate",
        "context": "UserSittingHourWorkspace",
        "inputEvents": [
          {
            "name": "UserNotSitting5MinsEvent",
            "consumptionPolicy": "Consume",
            "instanceSelectionPolicy": "First"
          }
        ],
        "computedVariables": [
          {
            "name": "Count",
            "aggregationType": "Count",
            "UserNotSitting5MinsEvent": "1"
          }
        ],
        "assertion": "Count < 1",
        "evaluationPolicy": "Deferred",
        "cardinalityPolicy": "Single",
        "internalSegmentation": [],
        "derivedEvents": [
          {
            "name": "UserSittingMoreThanOneHourAlert",
            "reportParticipants": false,
            "expressions": {
              "Duration": "0",
              "workstationID": "context.SegmentationByWorkspace",
              "userID":"context.SegmentationByUser"
            }
          }
        ]
      }
    ],
    "contexts": {
      "temporal": [
        {
          "name": "TemperatureReading20mins",
          "createdDate": "Tue Dec 22 2015",
          "type": "TemporalInterval",
          "atStartup": false,
          "neverEnding": false,
          "initiators": [
            {
              "initiatorType": "Event",
              "initiatorPolicy": "Add",
              "name": "SensorReading",
              "condition": "EqualsIgnoreCase(SensorReading.sensorType,'temperature') AND SensorReading.sensorValue >= 27"
            }
          ],
          "terminators": [
            {
              "terminatorType": "RelativeTime",
              "terminationType": "Terminate",
              "relativeTime": "1200000"
            }
          ]
        },
        {
          "name": "NoiseReading5mins",
          "createdDate": "Wed Dec 23 2015",
          "type": "TemporalInterval",
          "atStartup": false,
          "neverEnding": false,
          "initiators": [
            {
              "initiatorType": "Event",
              "initiatorPolicy": "Add",
              "name": "SensorReading",
              "condition": "EqualsIgnoreCase(SensorReading.sensorType,'noise') "
            }
          ],
          "terminators": [
            {
              "terminatorType": "RelativeTime",
              "terminationType": "Terminate",
              "relativeTime": "300000"
            }
          ]
        },
        {
          "name": "PressureEveryMinute",
          "createdDate": "Wed Dec 23 2015",
          "type": "TemporalInterval",
          "atStartup": false,
          "neverEnding": false,
          "initiators": [
            {
              "initiatorType": "Event",
              "initiatorPolicy": "Ignore",
              "name": "SensorReading",
              "condition": "EqualsIgnoreCase(SensorReading.sensorType,'pressure') "
            }
          ],
          "terminators": [
            {
              "terminatorType": "RelativeTime",
              "terminationType": "Terminate",
              "relativeTime": "30000"
            }
          ]
        },
        {
          "name": "UserNotSitting5Mins",
          "createdDate": "Wed Dec 23 2015",
          "type": "TemporalInterval",
          "atStartup": false,
          "neverEnding": false,
          "initiators": [
            {
              "initiatorType": "Event",
              "initiatorPolicy": "Ignore",
              "name": "PressureSummaryEvent",
              "condition": "PressureSummaryEvent.PressureSum == 0"
            }
          ],
          "terminators": [
            {
              "terminatorType": "RelativeTime",
              "terminationType": "Terminate",
              "relativeTime": "300000"
            }
          ]
        },
        {
          "name": "UserSittingForHour",
          "createdDate": "Wed Dec 23 2015",
          "type": "TemporalInterval",
          "atStartup": false,
          "neverEnding": false,
          "initiators": [
            {
              "initiatorType": "Event",
              "initiatorPolicy": "Add",
              "name": "PressureSummaryEvent",
              "condition": "PressureSummaryEvent.PressureSum > 0"
            }
          ],
          "terminators": [
            {
              "terminatorType": "RelativeTime",
              "terminationType": "Terminate",
              "relativeTime": "3600000"
            }
          ]
        }
      ],
      "segmentation": [
        {
          "name": "SegmentationByWorkspace",
          "createdDate": "Tue Dec 22 2015",
          "participantEvents": [
            {
              "name": "SensorReading",
              "expression": "SensorReading.workstationID"
            },
            {
              "name": "PressureSummaryEvent",
              "expression": "PressureSummaryEvent.workstationId"
            },
            {
              "name": "UserNotSitting5MinsEvent",
              "expression": "UserNotSitting5MinsEvent.workstationId"
            }
          ]
        },
        {
          "name": "SegmentationByUser",
          "createdDate": "Tue Dec 22 2015",
          "participantEvents": [           
            {
              "name": "PressureSummaryEvent",
              "expression": "PressureSummaryEvent.userID"
            },
            {
              "name": "UserNotSitting5MinsEvent",
              "expression": "UserNotSitting5MinsEvent.userID"
            }
          ]
        }
      ],
      "composite": [
        {
          "name": "Composite20minsWorkspaceID",
          "createdDate": "Tue Dec 22 2015",
          "temporalContexts": [
            {
              "name": "TemperatureReading20mins"
            }
          ],
          "segmentationContexts": [
            {
              "name": "SegmentationByWorkspace"
            }
          ]
        },
        {
          "name": "Composite5minsNoiseReading",
          "createdDate": "Wed Dec 23 2015",
          "temporalContexts": [
            {
              "name": "NoiseReading5mins"
            }
          ],
          "segmentationContexts": [
            {
              "name": "SegmentationByWorkspace"
            }
          ]
        },
        {
          "name": "PressureEveryMinuteWorkspace",
          "createdDate": "Wed Dec 23 2015",
          "temporalContexts": [
            {
              "name": "PressureEveryMinute"
            }
          ],
          "segmentationContexts": [
            {
              "name": "SegmentationByWorkspace"
            }
          ]
        },
        {
          "name": "UserNotSitting5minsWorkspace",
          "createdDate": "Wed Dec 23 2015",
          "temporalContexts": [
            {
              "name": "UserNotSitting5Mins"
            }
          ],
          "segmentationContexts": [
            {
              "name": "SegmentationByWorkspace"
            },
            {
              "name": "SegmentationByUser"
            }
          ]
        },
        {
          "name": "UserSittingHourWorkspace",
          "createdDate": "Wed Dec 23 2015",
          "temporalContexts": [
            {
              "name": "UserSittingForHour"
            }
          ],
          "segmentationContexts": [
            {
              "name": "SegmentationByWorkspace"
            },
            {
              "name": "SegmentationByUser"
            }
          ]
        }
      ]
    },
    "consumers": 
    [
     {
        "name": "Consumer",
        "createdDate": "Tue Sep 23 2014",
        "type": "File",
        "properties": [
          {
            "name": "filename",
            "value": "D:\\EP\\Projects\\EU\\PSYMBIOSYS\\usecases\\AIDIMA\\aidimaOutput.txt"
          },
          {
            "name": "formatter",
            "value": "tag"
          },
          {
            "name": "delimiter",
            "value": ";"
          },
          {
            "name": "tagDataSeparator",
            "value": "="
          },
          {
            "name": "SendingDelay",
            "value": "1000"
          },
          {
            "name": "dateFormat",
            "value": "dd/MM/yyyy-HH:mm:ss"
          }
        ],
        "events": [
          {
            "name": "SensorReading"
          },
          {
            "name": "HighTemperatureAlert"
          },
           {
            "name": "NoiseLevelAlert"
          },
           {
            "name": "UserSittingMoreThanOneHourAlert"
          },
           {
            "name": "PressureSummaryEvent"
          },
           {
            "name": "UserNotSitting5MinsEvent"
          }
                  
         ]
      }
    ],
    "producers": 
    [
    {
        "name": "Producer",
        "createdDate": "Tue Sep 23 2014",
        "type": "Timed",
        "properties": [
          {
            "name": "filename",
            "value": "D:\\EP\\Projects\\Proton\\OpenSourceWorkspace\\ProtonEU\\PSYMBIOSYS\\AIDIMA\\factlist2file 2151223Truncated.csv"
          },
          {
            "name": "pollingInterval",
            "value": "2000"
          },
          {
            "name": "sendingDelay",
            "value": "1000"
          },
          {
            "name": "formatter",
            "value": "csv"
          },
          {
            "name": "delimiter",
            "value": ","
          },
           {
            "name": "csvEventType",
            "value": "SensorReading"
          },
          {
            "name": "csvAttributeNames",
            "value": "OccurrenceTime,sensorID,sensorType,workstationID,userID,sensorValue"
          },
          {
            "name": "tagDataSeparator",
            "value": "="
          },
          {
            "name": "dateFormat",
            "value": "dd/MM/yyyy HH:mm"
          }
        ],
        "events": []
      }
    ],
    "name": "Psymbiosys"
  }
}