{
  "epn": {
    "events": [
      {
        "name": "SensorReading",
        "createdDate": "Tue Dec 22 2015",
        "attributes": [
          {
            "name": "Certainty",
            "type": "Double",
            "defaultValue": "1",
            "dimension": 0,
            "description": "The certainty that this event happen (value between 0 to 1)"
          },
          {
            "name": "OccurrenceTime",
            "type": "Date",
            "dimension": 0,
            "description": "No value means it equals the event detection time, other option is to use one of the defined distribution functions with parameters"
          },
          {
            "name": "ExpirationTime",
            "type": "Date",
            "dimension": 0
          },
          {
            "name": "Cost",
            "type": "Double",
            "dimension": 0,
            "description": "The cost of this event occurrence. Negative if this is an opportunity"
          },
          {
            "name": "Duration",
            "type": "Double",
            "defaultValue": "0",
            "dimension": 0,
            "description": "Used in case the this event occur within an interval"
          },          
          {
            "name": "sensorType",
            "type": "String",
            "dimension": 0
          },
          {
            "name": "workstationID",
            "type": "String",
            "dimension": 0
          },
          {
            "name": "username",
            "type": "String",
            "dimension": 0
          },
          {
            "name": "sensorValue",
            "type": "Double",
            "dimension": 0
          }
          
        ]
      },
       {
        "name": "PressureReading",
        "createdDate": "Tue Dec 22 2015",
        "attributes": [
          {
            "name": "Certainty",
            "type": "Double",
            "defaultValue": "1",
            "dimension": 0,
            "description": "The certainty that this event happen (value between 0 to 1)"
          },
          {
            "name": "OccurrenceTime",
            "type": "Date",
            "dimension": 0,
            "description": "No value means it equals the event detection time, other option is to use one of the defined distribution functions with parameters"
          },
          {
            "name": "ExpirationTime",
            "type": "Date",
            "dimension": 0
          },
          {
            "name": "Cost",
            "type": "Double",
            "dimension": 0,
            "description": "The cost of this event occurrence. Negative if this is an opportunity"
          },
          {
            "name": "Duration",
            "type": "Double",
            "defaultValue": "0",
            "dimension": 0,
            "description": "Used in case the this event occur within an interval"
          },         
          {
            "name": "workstationID",
            "type": "String",
            "dimension": 0
          },
          {
            "name": "username",
            "type": "String",
            "dimension": 0
          },
           {
            "name": "sensorType",
            "type": "String",
            "dimension": 0
          },
          {
            "name": "S1",
            "type": "Double",
            "dimension": 0
          },
          {
            "name": "S2",
            "type": "Double",
            "dimension": 0
          },
          
          {
            "name": "S3",
            "type": "Double",
            "dimension": 0
          },
          {
            "name": "S4",
            "type": "Double",
            "dimension": 0
          },
          {
            "name": "S5",
            "type": "Double",
            "dimension": 0
          }
          
          
          
          
        ]
      },
      {
        "name": "HighTemperatureAlert",
        "createdDate": "Tue Dec 22 2015",
        "attributes": [
          {
            "name": "Certainty",
            "type": "Double",
            "defaultValue": "1",
            "dimension": 0,
            "description": "The certainty that this event happen (value between 0 to 1)"
          },
          {
            "name": "OccurrenceTime",
            "type": "Date",
            "dimension": 0,
            "description": "No value means it equals the event detection time, other option is to use one of the defined distribution functions with parameters"
          },
          {
            "name": "ExpirationTime",
            "type": "Date",
            "dimension": 0
          },
          {
            "name": "Cost",
            "type": "Double",
            "dimension": 0,
            "description": "The cost of this event occurrence. Negative if this is an opportunity"
          },
          {
            "name": "Duration",
            "type": "Double",
            "defaultValue": "0",
            "dimension": 0,
            "description": "Used in case the this event occur within an interval"
          },
          {
            "name": "workstationID",
            "type": "String",
            "dimension": 0
          }
        ]
      },
       {
        "name": "LowTemperatureAlert",
        "createdDate": "Tue Dec 22 2015",
        "attributes": [
          {
            "name": "Certainty",
            "type": "Double",
            "defaultValue": "1",
            "dimension": 0,
            "description": "The certainty that this event happen (value between 0 to 1)"
          },
          {
            "name": "OccurrenceTime",
            "type": "Date",
            "dimension": 0,
            "description": "No value means it equals the event detection time, other option is to use one of the defined distribution functions with parameters"
          },
          {
            "name": "ExpirationTime",
            "type": "Date",
            "dimension": 0
          },
          {
            "name": "Cost",
            "type": "Double",
            "dimension": 0,
            "description": "The cost of this event occurrence. Negative if this is an opportunity"
          },
          {
            "name": "Duration",
            "type": "Double",
            "defaultValue": "0",
            "dimension": 0,
            "description": "Used in case the this event occur within an interval"
          },
          {
            "name": "workstationID",
            "type": "String",
            "dimension": 0
          }
        ]
      },
        {
        "name": "HighHumidityAlert",
        "createdDate": "Tue Dec 22 2015",
        "attributes": [
          {
            "name": "Certainty",
            "type": "Double",
            "defaultValue": "1",
            "dimension": 0,
            "description": "The certainty that this event happen (value between 0 to 1)"
          },
          {
            "name": "OccurrenceTime",
            "type": "Date",
            "dimension": 0,
            "description": "No value means it equals the event detection time, other option is to use one of the defined distribution functions with parameters"
          },
          {
            "name": "ExpirationTime",
            "type": "Date",
            "dimension": 0
          },
          {
            "name": "Cost",
            "type": "Double",
            "dimension": 0,
            "description": "The cost of this event occurrence. Negative if this is an opportunity"
          },
          {
            "name": "Duration",
            "type": "Double",
            "defaultValue": "0",
            "dimension": 0,
            "description": "Used in case the this event occur within an interval"
          },
          {
            "name": "workstationID",
            "type": "String",
            "dimension": 0
          }
        ]
      },
       {
        "name": "LowHumidityAlert",
        "createdDate": "Tue Dec 22 2015",
        "attributes": [
          {
            "name": "Certainty",
            "type": "Double",
            "defaultValue": "1",
            "dimension": 0,
            "description": "The certainty that this event happen (value between 0 to 1)"
          },
          {
            "name": "OccurrenceTime",
            "type": "Date",
            "dimension": 0,
            "description": "No value means it equals the event detection time, other option is to use one of the defined distribution functions with parameters"
          },
          {
            "name": "ExpirationTime",
            "type": "Date",
            "dimension": 0
          },
          {
            "name": "Cost",
            "type": "Double",
            "dimension": 0,
            "description": "The cost of this event occurrence. Negative if this is an opportunity"
          },
          {
            "name": "Duration",
            "type": "Double",
            "defaultValue": "0",
            "dimension": 0,
            "description": "Used in case the this event occur within an interval"
          },
          {
            "name": "workstationID",
            "type": "String",
            "dimension": 0
          }
        ]
      },
      
              {
        "name": "SurplusLightAlert",
        "createdDate": "Tue Dec 22 2015",
        "attributes": [
          {
            "name": "Certainty",
            "type": "Double",
            "defaultValue": "1",
            "dimension": 0,
            "description": "The certainty that this event happen (value between 0 to 1)"
          },
          {
            "name": "OccurrenceTime",
            "type": "Date",
            "dimension": 0,
            "description": "No value means it equals the event detection time, other option is to use one of the defined distribution functions with parameters"
          },
          {
            "name": "ExpirationTime",
            "type": "Date",
            "dimension": 0
          },
          {
            "name": "Cost",
            "type": "Double",
            "dimension": 0,
            "description": "The cost of this event occurrence. Negative if this is an opportunity"
          },
          {
            "name": "Duration",
            "type": "Double",
            "defaultValue": "0",
            "dimension": 0,
            "description": "Used in case the this event occur within an interval"
          },
          {
            "name": "workstationID",
            "type": "String",
            "dimension": 0
          }
        ]
      },
       {
        "name": "PoorLightAlert",
        "createdDate": "Tue Dec 22 2015",
        "attributes": [
          {
            "name": "Certainty",
            "type": "Double",
            "defaultValue": "1",
            "dimension": 0,
            "description": "The certainty that this event happen (value between 0 to 1)"
          },
          {
            "name": "OccurrenceTime",
            "type": "Date",
            "dimension": 0,
            "description": "No value means it equals the event detection time, other option is to use one of the defined distribution functions with parameters"
          },
          {
            "name": "ExpirationTime",
            "type": "Date",
            "dimension": 0
          },
          {
            "name": "Cost",
            "type": "Double",
            "dimension": 0,
            "description": "The cost of this event occurrence. Negative if this is an opportunity"
          },
          {
            "name": "Duration",
            "type": "Double",
            "defaultValue": "0",
            "dimension": 0,
            "description": "Used in case the this event occur within an interval"
          },
          {
            "name": "workstationID",
            "type": "String",
            "dimension": 0
          }
        ]
      },
      
      {
        "name": "NoiseLevelAlert",
        "createdDate": "Tue Dec 22 2015",
        "attributes": [
          {
            "name": "Certainty",
            "type": "Double",
            "defaultValue": "1",
            "dimension": 0,
            "description": "The certainty that this event happen (value between 0 to 1)"
          },
          {
            "name": "OccurrenceTime",
            "type": "Date",
            "dimension": 0,
            "description": "No value means it equals the event detection time, other option is to use one of the defined distribution functions with parameters"
          },
          {
            "name": "ExpirationTime",
            "type": "Date",
            "dimension": 0
          },
          {
            "name": "Cost",
            "type": "Double",
            "dimension": 0,
            "description": "The cost of this event occurrence. Negative if this is an opportunity"
          },
          {
            "name": "Duration",
            "type": "Double",
            "defaultValue": "0",
            "dimension": 0,
            "description": "Used in case the this event occur within an interval"
          },
          {
            "name": "workstationID",
            "type": "String",
            "dimension": 0
          }
        ]
      },
      {
        "name": "UserSittingMoreThanOneHourAlert",
        "createdDate": "Tue Dec 22 2015",
        "attributes": [
          {
            "name": "Certainty",
            "type": "Double",
            "defaultValue": "1",
            "dimension": 0,
            "description": "The certainty that this event happen (value between 0 to 1)"
          },
          {
            "name": "OccurrenceTime",
            "type": "Date",
            "dimension": 0,
            "description": "No value means it equals the event detection time, other option is to use one of the defined distribution functions with parameters"
          },
          {
            "name": "ExpirationTime",
            "type": "Date",
            "dimension": 0
          },
          {
            "name": "Cost",
            "type": "Double",
            "dimension": 0,
            "description": "The cost of this event occurrence. Negative if this is an opportunity"
          },
          {
            "name": "Duration",
            "type": "Double",
            "defaultValue": "0",
            "dimension": 0,
            "description": "Used in case the this event occur within an interval"
          },
          {
            "name": "workstationID",
            "type": "String",
            "dimension": 0
          },
          {
            "name": "userID",
            "type": "String",
            "dimension": 0
          }
        ]
      },
      
         
     {
        "name": "UserPostureOneAlert",
        "createdDate": "Wed Dec 23 2015",
        "attributes": [
          {
            "name": "Certainty",
            "type": "Double",
            "defaultValue": "1",
            "dimension": 0,
            "description": "The certainty that this event happen (value between 0 to 1)"
          },
          {
            "name": "OccurrenceTime",
            "type": "Date",
            "dimension": 0,
            "description": "No value means it equals the event detection time, other option is to use one of the defined distribution functions with parameters"
          },
          {
            "name": "ExpirationTime",
            "type": "Date",
            "dimension": 0
          },
          {
            "name": "Cost",
            "type": "Double",
            "dimension": 0,
            "description": "The cost of this event occurrence. Negative if this is an opportunity"
          },
          {
            "name": "Duration",
            "type": "Double",
            "defaultValue": "0",
            "dimension": 0,
            "description": "Used in case the this event occur within an interval"
          },
          {
            "name": "workstationId",
            "type": "String",
            "dimension": 0
          },
          {
            "name": "username",
            "type": "String",
            "dimension": 0
          }
          
        ]
      },
     
     {
        "name": "UserPostureTwoAlert",
        "createdDate": "Wed Dec 23 2015",
        "attributes": [
          {
            "name": "Certainty",
            "type": "Double",
            "defaultValue": "1",
            "dimension": 0,
            "description": "The certainty that this event happen (value between 0 to 1)"
          },
          {
            "name": "OccurrenceTime",
            "type": "Date",
            "dimension": 0,
            "description": "No value means it equals the event detection time, other option is to use one of the defined distribution functions with parameters"
          },
          {
            "name": "ExpirationTime",
            "type": "Date",
            "dimension": 0
          },
          {
            "name": "Cost",
            "type": "Double",
            "dimension": 0,
            "description": "The cost of this event occurrence. Negative if this is an opportunity"
          },
          {
            "name": "Duration",
            "type": "Double",
            "defaultValue": "0",
            "dimension": 0,
            "description": "Used in case the this event occur within an interval"
          },
          {
            "name": "workstationId",
            "type": "String",
            "dimension": 0
          },
          {
            "name": "username",
            "type": "String",
            "dimension": 0
          }
          
        ]
      },
      
      
          {
        "name": "HighHeightTableAlert", 
        "createdDate": "Tue Dec 22 2015",
        "attributes": [
          {
            "name": "Certainty",
            "type": "Double",
            "defaultValue": "1",
            "dimension": 0,
            "description": "The certainty that this event happen (value between 0 to 1)"
          },
          {
            "name": "OccurrenceTime",
            "type": "Date",
            "dimension": 0,
            "description": "No value means it equals the event detection time, other option is to use one of the defined distribution functions with parameters"
          },
          {
            "name": "ExpirationTime",
            "type": "Date",
            "dimension": 0
          },
          {
            "name": "Cost",
            "type": "Double",
            "dimension": 0,
            "description": "The cost of this event occurrence. Negative if this is an opportunity"
          },
          {
            "name": "Duration",
            "type": "Double",
            "defaultValue": "0",
            "dimension": 0,
            "description": "Used in case the this event occur within an interval"
          },
          {
            "name": "workstationID",
            "type": "String",
            "dimension": 0
          }
        ]
      },
       {
        "name": "LowHeightTableAlert",
        "createdDate": "Tue Dec 22 2015",
        "attributes": [
          {
            "name": "Certainty",
            "type": "Double",
            "defaultValue": "1",
            "dimension": 0,
            "description": "The certainty that this event happen (value between 0 to 1)"
          },
          {
            "name": "OccurrenceTime",
            "type": "Date",
            "dimension": 0,
            "description": "No value means it equals the event detection time, other option is to use one of the defined distribution functions with parameters"
          },
          {
            "name": "ExpirationTime",
            "type": "Date",
            "dimension": 0
          },
          {
            "name": "Cost",
            "type": "Double",
            "dimension": 0,
            "description": "The cost of this event occurrence. Negative if this is an opportunity"
          },
          {
            "name": "Duration",
            "type": "Double",
            "defaultValue": "0",
            "dimension": 0,
            "description": "Used in case the this event occur within an interval"
          },
          {
            "name": "workstationID",
            "type": "String",
            "dimension": 0
          }
        ]
      },
      
          {
        "name": "HighHeightChairAlert",
        "createdDate": "Tue Dec 22 2015",
        "attributes": [
          {
            "name": "Certainty",
            "type": "Double",
            "defaultValue": "1",
            "dimension": 0,
            "description": "The certainty that this event happen (value between 0 to 1)"
          },
          {
            "name": "OccurrenceTime",
            "type": "Date",
            "dimension": 0,
            "description": "No value means it equals the event detection time, other option is to use one of the defined distribution functions with parameters"
          },
          {
            "name": "ExpirationTime",
            "type": "Date",
            "dimension": 0
          },
          {
            "name": "Cost",
            "type": "Double",
            "dimension": 0,
            "description": "The cost of this event occurrence. Negative if this is an opportunity"
          },
          {
            "name": "Duration",
            "type": "Double",
            "defaultValue": "0",
            "dimension": 0,
            "description": "Used in case the this event occur within an interval"
          },
          {
            "name": "workstationID",
            "type": "String",
            "dimension": 0
          }
        ]
      },
       {
        "name": "LowHeightChairAlert",
        "createdDate": "Tue Dec 22 2015",
        "attributes": [
          {
            "name": "Certainty",
            "type": "Double",
            "defaultValue": "1",
            "dimension": 0,
            "description": "The certainty that this event happen (value between 0 to 1)"
          },
          {
            "name": "OccurrenceTime",
            "type": "Date",
            "dimension": 0,
            "description": "No value means it equals the event detection time, other option is to use one of the defined distribution functions with parameters"
          },
          {
            "name": "ExpirationTime",
            "type": "Date",
            "dimension": 0
          },
          {
            "name": "Cost",
            "type": "Double",
            "dimension": 0,
            "description": "The cost of this event occurrence. Negative if this is an opportunity"
          },
          {
            "name": "Duration",
            "type": "Double",
            "defaultValue": "0",
            "dimension": 0,
            "description": "Used in case the this event occur within an interval"
          },
          {
            "name": "workstationID",
            "type": "String",
            "dimension": 0
          }
        ]
      }
      
    ],
    "epas": [
      {
        "name": "AlertHighTemperatureEPA",
        "createdDate": "Tue Dec 22 2015",
        "epaType": "Aggregate",
        "context": "Composite15minsHighWorkspaceID",
        "inputEvents": [
          {
            "name": "SensorReading",
            "filterExpression": "EqualsIgnoreCase(SensorReading.sensorType,'temperature') AND SensorReading.sensorValue < 27",
            "consumptionPolicy": "Consume",
            "instanceSelectionPolicy": "First"
          }
        ],
        "computedVariables": [
          {
            "name": "Count",
            "aggregationType": "Count",
            "SensorReading": "1"
          }
        ],
        "assertion": "Count < 1",
        "evaluationPolicy": "Deferred",
        "cardinalityPolicy": "Single",
        "internalSegmentation": [],
        "derivedEvents": [
          {
            "name": "HighTemperatureAlert",
            "reportParticipants": false,
            "expressions": {
              "Duration": "0",
              "workstationID": "context.SegmentationByWorkspace"
            }
          }
        ]
      },
       
        {
        "name": "AlertLowTemperatureEPA",
        "createdDate": "Tue Dec 22 2015",
        "epaType": "Aggregate",
        "context": "Composite15minsLowWorkspaceID",
        "inputEvents": [
          {
            "name": "SensorReading",
            "filterExpression": "EqualsIgnoreCase(SensorReading.sensorType,'temperature') AND SensorReading.sensorValue > 17",
            "consumptionPolicy": "Consume",
            "instanceSelectionPolicy": "First"
          }
        ],
        "computedVariables": [
          {
            "name": "Count",
            "aggregationType": "Count",
            "SensorReading": "1"
          }
        ],
        "assertion": "Count < 1",
        "evaluationPolicy": "Deferred",
        "cardinalityPolicy": "Single",
        "internalSegmentation": [],
        "derivedEvents": [
          {
            "name": "LowTemperatureAlert",
            "reportParticipants": false,
            "expressions": {
              "Duration": "0",
              "workstationID": "context.SegmentationByWorkspace"
            }
          }
        ]
      },
      
      
         {
        "name": "AlertHighHumidityEPA",
        "createdDate": "Tue Dec 22 2015",
        "epaType": "Aggregate",
        "context": "Composite15minsHumidityMoistWorkspaceID",
        "inputEvents": [
          {
            "name": "SensorReading",
            "filterExpression": "EqualsIgnoreCase(SensorReading.sensorType,'humidity') AND SensorReading.sensorValue < 70",
            "consumptionPolicy": "Consume",
            "instanceSelectionPolicy": "First"
          }
        ],
        "computedVariables": [
          {
            "name": "Count",
            "aggregationType": "Count",
            "SensorReading": "1"
          }
        ],
        "assertion": "Count < 1",
        "evaluationPolicy": "Deferred",
        "cardinalityPolicy": "Single",
        "internalSegmentation": [],
        "derivedEvents": [
          {
            "name": "HighHumidityAlert",
            "reportParticipants": false,
            "expressions": {
              "Duration": "0",
              "workstationID": "context.SegmentationByWorkspace"
            }
          }
        ]
      },
        {
        "name": "AlertLowHumidityEPA",
        "createdDate": "Tue Dec 22 2015",
        "epaType": "Aggregate",
        "context": "Composite15minsHumidityDryWorkspaceID",
        "inputEvents": [
          {
            "name": "SensorReading",
            "filterExpression": "EqualsIgnoreCase(SensorReading.sensorType,'humidity') AND SensorReading.sensorValue > 30",
            "consumptionPolicy": "Consume",
            "instanceSelectionPolicy": "First"
          }
        ],
        "computedVariables": [
          {
            "name": "Count",
            "aggregationType": "Count",
            "SensorReading": "1"
          }
        ],
        "assertion": "Count < 1",
        "evaluationPolicy": "Deferred",
        "cardinalityPolicy": "Single",
        "internalSegmentation": [],
        "derivedEvents": [
          {
            "name": "LowHumidityAlert",
            "reportParticipants": false,
            "expressions": {
              "Duration": "0",
              "workstationID": "context.SegmentationByWorkspace"
            }
          }
        ]
      },
      
      
        {
        "name": "AlertTableHeightHighEPA",
        "createdDate": "Tue Dec 22 2015",
        "epaType": "Aggregate",
        "context": "Composite15minsTableHeightHighWorkspaceID",
        "inputEvents": [
          {
            "name": "SensorReading",
            "filterExpression": "EqualsIgnoreCase(SensorReading.sensorType,'tableHeight') AND SensorReading.sensorValue < 90",
            "consumptionPolicy": "Consume",
            "instanceSelectionPolicy": "First"
          }
        ],
        "computedVariables": [
          {
            "name": "Count",
            "aggregationType": "Count",
            "SensorReading": "1"
          }
        ],
        "assertion": "Count < 1",
        "evaluationPolicy": "Deferred",
        "cardinalityPolicy": "Single",
        "internalSegmentation": [],
        "derivedEvents": [
          {
            "name": "HighHeightTableAlert",
            "reportParticipants": false,
            "expressions": {
              "Duration": "0",
              "workstationID": "context.SegmentationByWorkspace"
            }
          }
        ]
      },
        {
        "name": "AlertLowTableHeightEPA",
        "createdDate": "Tue Dec 22 2015",
        "epaType": "Aggregate",
        "context": "Composite15minsTableHeightLowWorkspaceID",
        "inputEvents": [
          {
            "name": "SensorReading",
            "filterExpression": "EqualsIgnoreCase(SensorReading.sensorType,'tableHeight') AND SensorReading.sensorValue > 60",
            "consumptionPolicy": "Consume",
            "instanceSelectionPolicy": "First"
          }
        ],
        "computedVariables": [
          {
            "name": "Count",
            "aggregationType": "Count",
            "SensorReading": "1"
          }
        ],
        "assertion": "Count < 1",
        "evaluationPolicy": "Deferred",
        "cardinalityPolicy": "Single",
        "internalSegmentation": [],
        "derivedEvents": [
          {
            "name": "LowHeightTableAlert",
            "reportParticipants": false,
            "expressions": {
              "Duration": "0",
              "workstationID": "context.SegmentationByWorkspace"
            }
          }
        ]
      },
      
      
      
             {
        "name": "AlertChairHeightHighEPA",
        "createdDate": "Tue Dec 22 2015",
        "epaType": "Aggregate",
        "context": "Composite15minsChairHeightHighWorkspaceID",
        "inputEvents": [
          {
            "name": "SensorReading",
            "filterExpression": "EqualsIgnoreCase(SensorReading.sensorType,'chairHeight') AND SensorReading.sensorValue < 45",
            "consumptionPolicy": "Consume",
            "instanceSelectionPolicy": "First"
          }
        ],
        "computedVariables": [
          {
            "name": "Count",
            "aggregationType": "Count",
            "SensorReading": "1"
          }
        ],
        "assertion": "Count < 1",
        "evaluationPolicy": "Deferred",
        "cardinalityPolicy": "Single",
        "internalSegmentation": [],
        "derivedEvents": [
          {
            "name": "HighHeightChairAlert",
            "reportParticipants": false,
            "expressions": {
              "Duration": "0",
              "workstationID": "context.SegmentationByWorkspace"
            }
          }
        ]
      },
        {
        "name": "AlertLowChairHeightEPA",
        "createdDate": "Tue Dec 22 2015",
        "epaType": "Aggregate",
        "context": "Composite15minsChairHeightLowWorkspaceID",
        "inputEvents": [
          {
            "name": "SensorReading",
            "filterExpression": "EqualsIgnoreCase(SensorReading.sensorType,'chairHeight') AND SensorReading.sensorValue > 35",
            "consumptionPolicy": "Consume",
            "instanceSelectionPolicy": "First"
          }
        ],
        "computedVariables": [
          {
            "name": "Count",
            "aggregationType": "Count",
            "SensorReading": "1"
          }
        ],
        "assertion": "Count < 1",
        "evaluationPolicy": "Deferred",
        "cardinalityPolicy": "Single",
        "internalSegmentation": [],
        "derivedEvents": [
          {
            "name": "LowHeightChairAlert",
            "reportParticipants": false,
            "expressions": {
              "Duration": "0",
              "workstationID": "context.SegmentationByWorkspace"
            }
          }
        ]
      },
      
      
             {
        "name": "AlertSurplusLightEPA",
        "createdDate": "Tue Dec 22 2015",
        "epaType": "Aggregate",
        "context": "Composite10minsLightSurplusWorkspaceID",
        "inputEvents": [
          {
            "name": "SensorReading",
            "filterExpression": "EqualsIgnoreCase(SensorReading.sensorType,'light') AND SensorReading.sensorValue < 700",
            "consumptionPolicy": "Consume",
            "instanceSelectionPolicy": "First"
          }
        ],
        "computedVariables": [
          {
            "name": "Count",
            "aggregationType": "Count",
            "SensorReading": "1"
          }
        ],
        "assertion": "Count < 1",
        "evaluationPolicy": "Deferred",
        "cardinalityPolicy": "Single",
        "internalSegmentation": [],
        "derivedEvents": [
          {
            "name": "SurplusLightAlert",
            "reportParticipants": false,
            "expressions": {
              "Duration": "0",
              "workstationID": "context.SegmentationByWorkspace"
            }
          }
        ]
      },
        {
        "name": "AlertPoorLightEPA",
        "createdDate": "Tue Dec 22 2015",
        "epaType": "Aggregate",
        "context": "Composite10minsLightPoorWorkspaceID",
        "inputEvents": [
          {
            "name": "SensorReading",
            "filterExpression": "EqualsIgnoreCase(SensorReading.sensorType,'light') AND SensorReading.sensorValue > 400",
            "consumptionPolicy": "Consume",
            "instanceSelectionPolicy": "First"
          }
        ],
        "computedVariables": [
          {
            "name": "Count",
            "aggregationType": "Count",
            "SensorReading": "1"
          }
        ],
        "assertion": "Count < 1",
        "evaluationPolicy": "Deferred",
        "cardinalityPolicy": "Single",
        "internalSegmentation": [],
        "derivedEvents": [
          {
            "name": "PoorLightAlert",
            "reportParticipants": false,
            "expressions": {
              "Duration": "0",
              "workstationID": "context.SegmentationByWorkspace"
            }
          }
        ]
      },
      
      
       {
        "name": "AlertHighNoiseEPA",
        "createdDate": "Tue Dec 22 2015",
        "epaType": "Aggregate",
        "context": "Composite15minsNoiseHighWorkspaceID",
        "inputEvents": [
          {
            "name": "SensorReading",
            "filterExpression": "EqualsIgnoreCase(SensorReading.sensorType,'noise') AND SensorReading.sensorValue < 55",
            "consumptionPolicy": "Consume",
            "instanceSelectionPolicy": "First"
          }
        ],
        "computedVariables": [
          {
            "name": "Count",
            "aggregationType": "Count",
            "SensorReading": "1"
          }
        ],
        "assertion": "Count < 1",
        "evaluationPolicy": "Deferred",
        "cardinalityPolicy": "Single",
        "internalSegmentation": [],
        "derivedEvents": [
          {
            "name": "NoiseLevelAlert",
            "reportParticipants": false,
            "expressions": {
              "Duration": "0",
              "workstationID": "context.SegmentationByWorkspace"
            }
          }
        ]
      },
      
      
      {
        "name": "UserSittingMoreThanHourEPA",
        "createdDate": "Wed Dec 23 2015",
        "epaType": "Aggregate",
        "context": "UserSittingHourWorkspace",
        "inputEvents": [
          {
            "name": "PressureReading", 
            "filterExpression": "PressureReading.S1 < 100 && PressureReading.S2 < 100 && PressureReading.S3 < 100",           
            "consumptionPolicy": "Consume",
            "instanceSelectionPolicy": "First"
          }
        ],
        "computedVariables": [
          {
            "name": "Count",
            "aggregationType": "Count",
            "PressureReading": "1"
          }
        ],
        "assertion": "Count <1",
        "evaluationPolicy": "Deferred",
        "cardinalityPolicy": "Single",
        "internalSegmentation": [],
        "derivedEvents": [
          {
            "name": "UserSittingMoreThanOneHourAlert",
            "reportParticipants": false,
            "expressions": {
              "Duration": "0",
              "workstationId": "context.SegmentationByWorkspace",
              "username":"context.SegmentationByUser"
            }
          }
        ]
      },
                  
       {
        "name": "UserNotSittingCorrectlyPostureOneEPA",
        "createdDate": "Wed Dec 23 2015",
        "epaType": "Aggregate",
        "context": "UserSitting6minWorkspace",
        "inputEvents": [
          {
            "name": "PressureReading",
            "filterExpression": "(PressureReading.S1 < 100 && PressureReading.S2 < 100 && PressureReading.S3 < 100 && PressureReading.S4 < 100) || (PressureReading.S1 > 100)",            
            "consumptionPolicy": "Consume",
            "instanceSelectionPolicy": "First"
          }
        ],
        "computedVariables": [
          {
            "name": "Count",
            "aggregationType": "Count",
            "PressureReading": "1"
          }
        ],
        "assertion": "Count <1",
        "evaluationPolicy": "Deferred",
        "cardinalityPolicy": "Single",
        "internalSegmentation": [],
        "derivedEvents": [
          {
            "name": "UserPostureOneAlert",
            "reportParticipants": false,
            "expressions": {
              "Duration": "0",
              "workstationId": "context.SegmentationByWorkspace",
              "username":"context.SegmentationByUser"
            }
          }
        ]
      },            
      
       {
        "name": "UserNotSittingCorrectlyPostureTwoEPA",
        "createdDate": "Wed Dec 23 2015",
        "epaType": "Aggregate",
        "context": "UserSitting6minWorkspacePostureTwo",
        "inputEvents": [
          {
            "name": "PressureReading",  
            "filterExpression": "(PressureReading.S1 < 100 && PressureReading.S2 < 100 && PressureReading.S3 < 100) || (PressureReading.S4 > 100)",          
            "consumptionPolicy": "Consume",
            "instanceSelectionPolicy": "First"
          }
        ],
        "computedVariables": [
          {
            "name": "Count",
            "aggregationType": "Count",
            "PressureReading": "1"
          }
        ],
        "assertion": "Count <1",
        "evaluationPolicy": "Deferred",
        "cardinalityPolicy": "Single",
        "internalSegmentation": [],
        "derivedEvents": [
          {
            "name": "UserPostureTwoAlert",
            "reportParticipants": false,
            "expressions": {
              "Duration": "0",
              "workstationId": "context.SegmentationByWorkspace",
              "username":"context.SegmentationByUser"
            }
          }
        ]
      }
      
    ],
    "contexts": {
      "temporal": [
        {
          "name": "TemperatureReadingHigh15mins",
          "createdDate": "Tue Dec 22 2015",
          "type": "TemporalInterval",
          "atStartup": false,
          "neverEnding": false,
          "initiators": [
            {
              "initiatorType": "Event",
              "initiatorPolicy": "Add",
              "name": "SensorReading",
              "condition": "EqualsIgnoreCase(SensorReading.sensorType,'temperature') AND SensorReading.sensorValue >= 27"
            }
          ],
          "terminators": [
            {
              "terminatorType": "RelativeTime",
              "terminationType": "Terminate",
              "relativeTime": "150000"
            }
          ]
        },
        {
          "name": "TableHeightReadingHigh15mins",
          "createdDate": "Tue Dec 22 2015",
          "type": "TemporalInterval",
          "atStartup": false,
          "neverEnding": false,
          "initiators": [
            {
              "initiatorType": "Event",
              "initiatorPolicy": "Add",
              "name": "SensorReading",
              "condition": "EqualsIgnoreCase(SensorReading.sensorType,'tableHeight') AND SensorReading.sensorValue >= 90"
            }
          ],
          "terminators": [
            {
              "terminatorType": "RelativeTime",
              "terminationType": "Terminate",
              "relativeTime": "150000"
            }
          ]
        },
               {
          "name": "TableHeightReadingLow15mins",
          "createdDate": "Tue Dec 22 2015",
          "type": "TemporalInterval",
          "atStartup": false,
          "neverEnding": false,
          "initiators": [
            {
              "initiatorType": "Event",
              "initiatorPolicy": "Add",
              "name": "SensorReading",
              "condition": "EqualsIgnoreCase(SensorReading.sensorType,'tableHeight') AND SensorReading.sensorValue <= 60"
            }
          ],
          "terminators": [
            {
              "terminatorType": "RelativeTime",
              "terminationType": "Terminate",
              "relativeTime": "150000"
            }
          ]
        },
        
        {
          "name": "ChairHeightReadingHigh15mins",
          "createdDate": "Tue Dec 22 2015",
          "type": "TemporalInterval",
          "atStartup": false,
          "neverEnding": false,
          "initiators": [
            {
              "initiatorType": "Event",
              "initiatorPolicy": "Add",
              "name": "SensorReading",
              "condition": "EqualsIgnoreCase(SensorReading.sensorType,'chairHeight') AND SensorReading.sensorValue >= 45"
            }
          ],
          "terminators": [
            {
              "terminatorType": "RelativeTime",
              "terminationType": "Terminate",
              "relativeTime": "150000"
            }
          ]
        },
               {
          "name": "ChairHeightReadingLow15mins",
          "createdDate": "Tue Dec 22 2015",
          "type": "TemporalInterval",
          "atStartup": false,
          "neverEnding": false,
          "initiators": [
            {
              "initiatorType": "Event",
              "initiatorPolicy": "Add",
              "name": "SensorReading",
              "condition": "EqualsIgnoreCase(SensorReading.sensorType,'chairHeight') AND SensorReading.sensorValue <= 35"
            }
          ],
          "terminators": [
            {
              "terminatorType": "RelativeTime",
              "terminationType": "Terminate",
              "relativeTime": "150000"
            }
          ]
        },
          {
          "name": "Always",
          "createdDate": "Tue Dec 22 2015",
          "type": "TemporalInterval",
          "atStartup": false,
          "neverEnding": true,
          "initiators": [
            {
              "initiatorType": "Event",
              "initiatorPolicy": "Ignore",
              "name": "PressureReading"              
            }
          ],
          "terminators": [
            
          ]
        },
          {
          "name": "TemperatureReadingLow15mins",
          "createdDate": "Tue Dec 22 2015",
          "type": "TemporalInterval",
          "atStartup": false,
          "neverEnding": false,
          "initiators": [
            {
              "initiatorType": "Event",
              "initiatorPolicy": "Add",
              "name": "SensorReading",
              "condition": "EqualsIgnoreCase(SensorReading.sensorType,'temperature') AND SensorReading.sensorValue <= 17"
            }
          ],
          "terminators": [
            {
              "terminatorType": "RelativeTime",
              "terminationType": "Terminate",
              "relativeTime": "150000"
            }
          ]
        },
        
         {
          "name": "LightReadingSurplus10mins",
          "createdDate": "Tue Dec 22 2015",
          "type": "TemporalInterval",
          "atStartup": false,
          "neverEnding": false,
          "initiators": [
            {
              "initiatorType": "Event",
              "initiatorPolicy": "Add",
              "name": "SensorReading",
              "condition": "EqualsIgnoreCase(SensorReading.sensorType,'light') AND SensorReading.sensorValue >= 700"
            }
          ],
          "terminators": [
            {
              "terminatorType": "RelativeTime",
              "terminationType": "Terminate",
              "relativeTime": "100000"
            }
          ]
        },
          {
          "name": "LightReadingPoor10mins",
          "createdDate": "Tue Dec 22 2015",
          "type": "TemporalInterval",
          "atStartup": false,
          "neverEnding": false,
          "initiators": [
            {
              "initiatorType": "Event",
              "initiatorPolicy": "Add",
              "name": "SensorReading",
              "condition": "EqualsIgnoreCase(SensorReading.sensorType,'light') AND SensorReading.sensorValue <= 400"
            }
          ],
          "terminators": [
            {
              "terminatorType": "RelativeTime",
              "terminationType": "Terminate",
              "relativeTime": "100000"
            }
          ]
        },
        
        
         {
          "name": "HumidityReadingMoist15mins",
          "createdDate": "Tue Dec 22 2015",
          "type": "TemporalInterval",
          "atStartup": false,
          "neverEnding": false,
          "initiators": [
            {
              "initiatorType": "Event",
              "initiatorPolicy": "Add",
              "name": "SensorReading",
              "condition": "EqualsIgnoreCase(SensorReading.sensorType,'humidity') AND SensorReading.sensorValue >= 70"
            }
          ],
          "terminators": [
            {
              "terminatorType": "RelativeTime",
              "terminationType": "Terminate",
              "relativeTime": "150000"
            }
          ]
        },
          {
          "name": "HumidityReadingDry15mins",
          "createdDate": "Tue Dec 22 2015",
          "type": "TemporalInterval",
          "atStartup": false,
          "neverEnding": false,
          "initiators": [
            {
              "initiatorType": "Event",
              "initiatorPolicy": "Add",
              "name": "SensorReading",
              "condition": "EqualsIgnoreCase(SensorReading.sensorType,'humidity') AND SensorReading.sensorValue <= 30"
            }
          ],
          "terminators": [
            {
              "terminatorType": "RelativeTime",
              "terminationType": "Terminate",
              "relativeTime": "150000"
            }
          ]
        },
        
        
         {
          "name": "NoiseReadingHigh15mins",
          "createdDate": "Tue Dec 22 2015",
          "type": "TemporalInterval",
          "atStartup": false,
          "neverEnding": false,
          "initiators": [
            {
              "initiatorType": "Event",
              "initiatorPolicy": "Add",
              "name": "SensorReading",
              "condition": "EqualsIgnoreCase(SensorReading.sensorType,'noise') AND SensorReading.sensorValue >= 55"
            }
          ],
          "terminators": [
            {
              "terminatorType": "RelativeTime",
              "terminationType": "Terminate",
              "relativeTime": "150000"
            }
          ]
        },
                
        {
          "name": "UserSittingForHour",
          "createdDate": "Wed Dec 23 2015",
          "type": "TemporalInterval",
          "atStartup": false,
          "neverEnding": false,
          "initiators": [
            {
              "initiatorType": "Event",
              "initiatorPolicy": "Add",
              "name": "PressureReading",
              "condition": "PressureReading.S1 > 100 || PressureReading.S2 > 100 || PressureReading.S3 >100 "
            }
          ],
          "terminators": [
            {
              "terminatorType": "RelativeTime",
              "terminationType": "Terminate",
              "relativeTime": "600000"
            }
          ]
        },
        
           {
          "name": "UserSitting6minWorkspaceTemporal",
          "createdDate": "Wed Dec 23 2015",
          "type": "TemporalInterval",
          "atStartup": false,
          "neverEnding": false,
          "initiators": [
            {
              "initiatorType": "Event",
              "initiatorPolicy": "Add",
              "name": "PressureReading",
              "condition": "(PressureReading.S1 > 100 || PressureReading.S2 > 100 || PressureReading.S3 >100 || PressureReading.S4 > 100) && (PressureReading.S5 < 100)"
            }
          ],
          "terminators": [
            {
              "terminatorType": "RelativeTime",
              "terminationType": "Terminate",
              "relativeTime": "60000"
            }
          ]
        },
        {
          "name": "UserSitting6minWorkspacePostureTwoTemporal",
          "createdDate": "Wed Dec 23 2015",
          "type": "TemporalInterval",
          "atStartup": false,
          "neverEnding": false,
          "initiators": [
            {
              "initiatorType": "Event",
              "initiatorPolicy": "Add",
              "name": "PressureReading",
              "condition": "(PressureReading.S1 > 100 || PressureReading.S2 > 100 || PressureReading.S3 >100) && (PressureReading.S4 < 100)"
            }
          ],
          "terminators": [
            {
              "terminatorType": "RelativeTime",
              "terminationType": "Terminate",
              "relativeTime": "60000"
            }
          ]
        }
      ],
      "segmentation": [
        {
          "name": "SegmentationByWorkspace",
          "createdDate": "Tue Dec 22 2015",
          "participantEvents": [
            {
              "name": "SensorReading",
              "expression": "SensorReading.workstationID"
            },
            {
              "name": "PressureReading",
              "expression": "PressureReading.workstationID"
            }
          ]
        },
        {
          "name": "SegmentationByUser",
          "createdDate": "Tue Dec 22 2015",
          "participantEvents": [           
            {
              "name": "PressureReading",
              "expression": "PressureReading.username"
            }
          ]
        }
      ],
      "composite": [
        {
          "name": "Composite15minsHighWorkspaceID",
          "createdDate": "Tue Dec 22 2015",
          "temporalContexts": [
            {
              "name": "TemperatureReadingHigh15mins"
            }
          ],
          "segmentationContexts": [
            {
              "name": "SegmentationByWorkspace"
            }
          ]
        },
        {
          "name": "Composite15minsTableHeightHighWorkspaceID",
          "createdDate": "Tue Dec 22 2015",
          "temporalContexts": [
            {
              "name": "TableHeightReadingHigh15mins"
            }
          ],
          "segmentationContexts": [
            {
              "name": "SegmentationByWorkspace"
            }
          ]
        }
        ,
         {
          "name": "Composite15minsTableHeightLowWorkspaceID", 
          "createdDate": "Tue Dec 22 2015",
          "temporalContexts": [
            {
              "name": "TableHeightReadingLow15mins"
            }
          ],
          "segmentationContexts": [
            {
              "name": "SegmentationByWorkspace"
            }
          ]
        },
           {
          "name": "Composite15minsChairHeightHighWorkspaceID",
          "createdDate": "Tue Dec 22 2015",
          "temporalContexts": [
            {
              "name": "ChairHeightReadingHigh15mins"
            }
          ],
          "segmentationContexts": [
            {
              "name": "SegmentationByWorkspace"
            }
          ]
        }
        ,
         {
          "name": "Composite15minsChairHeightLowWorkspaceID", 
          "createdDate": "Tue Dec 22 2015",
          "temporalContexts": [
            {
              "name": "ChairHeightReadingLow15mins"
            }
          ],
          "segmentationContexts": [
            {
              "name": "SegmentationByWorkspace"
            }
          ]
        },
        
        {
          "name": "Composite15minsHumidityDryWorkspaceID",
          "createdDate": "Tue Dec 22 2015",
          "temporalContexts": [
            {
              "name": "HumidityReadingDry15mins"
            }
          ],
          "segmentationContexts": [
            {
              "name": "SegmentationByWorkspace"
            }
          ]
        },
          {
          "name": "Composite15minsHumidityMoistWorkspaceID",
          "createdDate": "Tue Dec 22 2015",
          "temporalContexts": [
            {
              "name": "HumidityReadingMoist15mins"
            }
          ],
          "segmentationContexts": [
            {
              "name": "SegmentationByWorkspace"
            }
          ]
        },
        
          {
          "name": "Composite10minsLightPoorWorkspaceID",
          "createdDate": "Tue Dec 22 2015",
          "temporalContexts": [
            {
              "name": "LightReadingPoor10mins"
            }
          ],
          "segmentationContexts": [
            {
              "name": "SegmentationByWorkspace"
            }
          ]
        },
          {
          "name": "Composite10minsLightSurplusWorkspaceID",
          "createdDate": "Tue Dec 22 2015",
          "temporalContexts": [
            {
              "name": "LightReadingSurplus10mins"
            }
          ],
          "segmentationContexts": [
            {
              "name": "SegmentationByWorkspace"
            }
          ]
        },
        
        {
          "name": "Composite15minsLowWorkspaceID",
          "createdDate": "Tue Dec 22 2015",
          "temporalContexts": [
            {
              "name": "TemperatureReadingLow15mins"
            }
          ],
          "segmentationContexts": [
            {
              "name": "SegmentationByWorkspace"
            }
          ]
        },
       {
          "name": "Composite15minsNoiseHighWorkspaceID",
          "createdDate": "Tue Dec 22 2015",
          "temporalContexts": [
            {
              "name": "NoiseReadingHigh15mins"
            }
          ],
          "segmentationContexts": [
            {
              "name": "SegmentationByWorkspace"
            }
          ]
        },        

        {
          "name": "UserSittingHourWorkspace",
          "createdDate": "Wed Dec 23 2015",
          "temporalContexts": [
            {
              "name": "UserSittingForHour"
            }
          ],
          "segmentationContexts": [
            {
              "name": "SegmentationByWorkspace"
            },
            {
              "name": "SegmentationByUser"
            }
          ]
        },
        
           {
          "name": "UserSitting6minWorkspace",
          "createdDate": "Wed Dec 23 2015",
          "temporalContexts": [
            {
              "name": "UserSitting6minWorkspaceTemporal"
            }
          ],
          "segmentationContexts": [
            {
              "name": "SegmentationByWorkspace"
            },
            {
              "name": "SegmentationByUser"
            }
          ]
        },
        {
          "name": "UserSitting6minWorkspacePostureTwo",
          "createdDate": "Wed Dec 23 2015",
          "temporalContexts": [
            {
              "name": "UserSitting6minWorkspacePostureTwoTemporal"
            }
          ],
          "segmentationContexts": [
            {
              "name": "SegmentationByWorkspace"
            },
            {
              "name": "SegmentationByUser"
            }
          ]
        }
      ]
    },
    "consumers": 
    [
     {
        "name": "Consumer",
        "createdDate": "Tue Sep 23 2014",
        "type": "File",
        "properties": [
          {
            "name": "filename",
            "value": "D:\\EP\\Projects\\EU\\PSYMBIOSYS\\usecases\\AIDIMA\\aidimaOutput.txt"
          },
          {
            "name": "formatter",
            "value": "tag"
          },
          {
            "name": "delimiter",
            "value": ";"
          },
          {
            "name": "tagDataSeparator",
            "value": "="
          },
          {
            "name": "SendingDelay",
            "value": "1000"
          },
          {
            "name": "dateFormat",
            "value": "dd/MM/yyyy-HH:mm:ss"
          }
        ],
        "events": [
          {
            "name": "SensorReading"
          },
                    {
            "name": "PressureReading"
          },
          
                    {
            "name": "HighTemperatureAlert"
          },
          
                    {
            "name": "LowTemperatureAlert"
          },
          
                    {
            "name": "HighHumidityAlert"
          },
          
                    {
            "name": "LowHumidityAlert"
          },
          
                    {
            "name": "SurplusLightAlert"
          },
          
                    {
            "name": "PoorLightAlert"
          },
           {
            "name": "NoiseLevelAlert"
          },
          
                    {
            "name": "UserSittingMoreThanOneHourAlert"
          },
          
                    {
            "name": "UserPostureOneAlert"
          },
          
                    {
            "name": "UserPostureTwoAlert"
          },
          {
            "name": "HighHeightTableAlert"
          },
          
                    {
            "name": "LowHeightTableAlert"
          },
          
                    {
            "name": "HighHeightChairAlert"
          },
          
                    {
            "name": "LowHeightChairAlert"
          }
          
          
          
          
                  
         ]
      }
    ],
    "producers": 
    [
    {
        "name": "Producer",
        "createdDate": "Tue Sep 23 2014",
        "type": "Timed",
        "properties": [
          {
            "name": "filename",
            "value": "D:\\EP\\Projects\\Proton\\OpenSourceWorkspace\\ProtonEU\\PSYMBIOSYS\\AIDIMA\\factlist2file 2151223ShortForV2.csv"
          },
          {
            "name": "pollingInterval",
            "value": "2000"
          },
          {
            "name": "sendingDelay",
            "value": "1000"
          },
          {
            "name": "formatter",
            "value": "csv"
          },
          {
            "name": "delimiter",
            "value": ","
          },
           {
            "name": "csvEventType",
            "value": "SensorReading"
          },
          {
            "name": "csvAttributeNames",
            "value": "readingDate,sensorType,workstationID,username,sensorValue,OccurrenceTime"
          },
          {
            "name": "tagDataSeparator",
            "value": "="
          },
          {
            "name": "dateFormat",
            "value": "dd/MM/yyyy HH:mm"
          }
        ],
        "events": []
      }
    ],
    "name": "Psymbiosys"
  }
}