{
	"epn": {
		"epas": [{
			"cardinalityPolicy": "Single",
			"createdDate": "Mon Mar 09 2015",
			"epaType": "Aggregate",
			"inputEvents": [{
				"consumptionPolicy": "Reuse",
				"name": "halfFrequentEachLongCall",
				"instanceSelectionPolicy": "First"
			}],
			"internalSegmentation": [],
			"name": "FrequentEachLongCallEPA",
			"context": "CompositeFrequenceCalls",
			"assertion": "COUNT > 9",
			"computedVariables": [{
				"aggregationType": "Count",
				"name": "COUNT",
				"halfFrequentEachLongCall": "1"
			}],
			"evaluationPolicy": "Immediate",
			"derivedEvents": [{
				"name": "FrequentEachLongCall",
				"reportParticipants": false,
				"expressions": {
					"OccurrenceTime": "ArrayMaxValue(halfFrequentEachLongCall.call_start_date)",
					"ExpirationTime": "context.windowSize",
					"call_start_dates": "ArrayConvert(halfFrequentEachLongCall.call_start_date)",
					"calling_number": "context.CallingNumberSegmentation",
					"CallsCount ": "COUNT",
					"Duration": "0"
				}
			}]
		},
		{
			"cardinalityPolicy": "Single",
			"createdDate": "Mon Mar 09 2015",
			"epaType": "Basic",
			"inputEvents": [{
				"consumptionPolicy": "Consume",
				"name": "CallPOPDWH",
				"filterExpression": "CallPOPDWH.other_party_tel_number_prefix == 960 &&  EqualsIgnoreCase(CallPOPDWH.call_direction,'O')  && (CallPOPDWH.call_start_time >= 19 || CallPOPDWH.call_start_time <= 6) && CallPOPDWH.conversation_duration >= 40",
				"instanceSelectionPolicy": "First"
			}],
			"internalSegmentation": [],
			"name": "LongCallsAtNightEPA",
			"context": "Always",
			"computedVariables": [],
			"evaluationPolicy": "Immediate",
			"derivedEvents": [{
				"name": "LongCallAtNight",
				"reportParticipants": false,
				"expressions": {
					"call_start_date": "CallPOPDWH.call_start_date",
					"calling_number": "CallPOPDWH.calling_number",
					"call_direction": "CallPOPDWH.call_direction",
					"conversation_duration": "CallPOPDWH.conversation_duration",
					"Duration": "0",
					"other_party_tel_number": "CallPOPDWH.other_party_tel_number",
					"called_number": "CallPOPDWH.called_number"
				}
			}]
		},
		{
			"cardinalityPolicy": "Unrestricted",
			"createdDate": "Mon Mar 09 2015",
			"epaType": "Aggregate",
			"inputEvents": [{
				"consumptionPolicy": "Reuse",
				"name": "LongCallAtNight",
				"instanceSelectionPolicy": "First"
			}],
			"internalSegmentation": [],
			"name": "FrequenceLongCallsAtNightEPA",
			"context": "CompositeFrequenceCallsNight",
			"assertion": "Count >2",
			"computedVariables": [{
				"aggregationType": "Count",
				"name": "Count",
				"LongCallAtNight": "1"
			}],
			"evaluationPolicy": "Immediate",
			"derivedEvents": [{
				"name": "FrequentLongCallsAtNight",
				"reportParticipants": false,
				"expressions": {
					"OccurrenceTime": "ArrayMaxValue(LongCallAtNight.call_start_date)",
					"ExpirationTime": "context.windowSize",
					"call_start_dates": "ArrayConvert(LongCallAtNight.call_start_date)",
					"CallsCount": "Count",
					"calling_number": "context.CallingNumberSegmentation",
					"call_direction": "'O'",
					"Duration": "0"
				}
			}]
		},
		{
			"cardinalityPolicy": "Single",
			"createdDate": "Mon Mar 09 2015",
			"epaType": "Aggregate",
			"inputEvents": [{
				"consumptionPolicy": "Reuse",
				"name": "halfExpensiveCalls",
				"instanceSelectionPolicy": "First"
			}],
			"internalSegmentation": [],
			"name": "ExpensiveCallsEPA",
			"context": "CompositeExpensiveCalls",
			"assertion": "SUM > 100",
			"computedVariables": [{
				"aggregationType": "Sum",
				"halfExpensiveCalls": "halfExpensiveCalls.total_call_charge_amount",
				"name": "SUM"
			}],
			"evaluationPolicy": "Immediate",
			"derivedEvents": [{
				"name": "ExpensiveCalls",
				"reportParticipants": false,
				"expressions": {
					"OccurrenceTime": "ArrayMaxValue(halfExpensiveCalls.call_start_date)",
					"ExpirationTime": "context.windowSize",
					"call_start_dates": "ArrayConvert(halfExpensiveCalls.call_start_date)",
					"calling_number": "context.CallingNumberSegmentation",
					"CallsCostSum": "SUM",
					"Duration": "0"
				}
			}]
		},
		{
			"cardinalityPolicy": "Single",
			"createdDate": "Mon Mar 09 2015",
			"epaType": "Aggregate",
			"inputEvents": [{
				"consumptionPolicy": "Reuse",
				"name": "halfFrequentLongCalls",
				"instanceSelectionPolicy": "First"
			}],
			"internalSegmentation": [],
			"name": "FrequenctLongCallsEPA",
			"context": "CompositeFrequenceCalls",
			"assertion": "SUM > 5 && COUNT > 3",
			"computedVariables": [{
				"aggregationType": "Sum",
				"halfFrequentLongCalls": "halfFrequentLongCalls.conversation_duration",
				"name": "SUM"
			},
			{
				"aggregationType": "Count",
				"halfFrequentLongCalls": "1",
				"name": "COUNT"
			}],
			"evaluationPolicy": "Immediate",
			"derivedEvents": [{
				"name": "FrequentLongCalls",
				"reportParticipants": false,
				"expressions": {
					"OccurrenceTime": "ArrayMaxValue(halfFrequentLongCalls.call_start_date)",
					"ExpirationTime": "context.windowSize",
					"call_start_dates": "ArrayConvert(halfFrequentLongCalls.call_start_date)",
					"CallsCount": "COUNT",
					"calling_number": "context.CallingNumberSegmentation",
					"CallsLengthSum": "SUM",
					"Duration": "0"
				}
			}]
		},
		{
			"cardinalityPolicy": "Single",
			"epaType": "Basic",
			"inputEvents": [{
				"consumptionPolicy": "Consume",
				"name": "CallPOPDWH",
				"filterExpression": "CallPOPDWH.other_party_tel_number_prefix == 960 &&  EqualsIgnoreCase(CallPOPDWH.call_direction,'O')",
				"instanceSelectionPolicy": "First"
			}],
			"internalSegmentation": [],
			"name": "halfFrequentLongCallsEPA",
			"context": "Always",
			"computedVariables": [],
			"evaluationPolicy": "Immediate",
			"derivedEvents": [{
				"name": "halfFrequentLongCalls",
				"reportParticipants": false,
				"expressions": {
					"call_start_date": "CallPOPDWH.call_start_date",
					"calling_number": "CallPOPDWH.calling_number",
					"call_direction": "CallPOPDWH.call_direction",
					"billed_msdn": "CallPOPDWH.billed_msdn",
					"conversation_duration": "CallPOPDWH.conversation_duration",
					"other_party_tel_number": "CallPOPDWH.other_party_tel_number",
					"called_number": "CallPOPDWH.called_number",
					"tap_related": "CallPOPDWH.tap_related",
					"call_start_time": "CallPOPDWH.call_start_time",
					"total_call_charge_amount": "CallPOPDWH.total_call_charge_amount",
					"other_party_tel_number_prefix": "CallPOPDWH.other_party_tel_number_prefix"
				}
			}]
		},
		{
			"cardinalityPolicy": "Single",
			"epaType": "Basic",
			"inputEvents": [{
				"consumptionPolicy": "Consume",
				"name": "CallPOPDWH",
				"filterExpression": "CallPOPDWH.other_party_tel_number_prefix == 960 &&  EqualsIgnoreCase(CallPOPDWH.call_direction,'O')",
				"instanceSelectionPolicy": "First"
			}],
			"internalSegmentation": [],
			"name": "halfExpensiveCallsEPA",
			"context": "Always",
			"computedVariables": [],
			"evaluationPolicy": "Immediate",
			"derivedEvents": [{
				"name": "halfExpensiveCalls",
				"reportParticipants": false,
				"expressions": {
					"call_start_date": "CallPOPDWH.call_start_date",
					"calling_number": "CallPOPDWH.calling_number",
					"call_direction": "CallPOPDWH.call_direction",
					"billed_msdn": "CallPOPDWH.billed_msdn",
					"conversation_duration": "CallPOPDWH.conversation_duration",
					"other_party_tel_number": "CallPOPDWH.other_party_tel_number",
					"called_number": "CallPOPDWH.called_number",
					"tap_related": "CallPOPDWH.tap_related",
					"call_start_time": "CallPOPDWH.call_start_time",
					"total_call_charge_amount": "CallPOPDWH.total_call_charge_amount",
					"other_party_tel_number_prefix": "CallPOPDWH.other_party_tel_number_prefix"
				}
			}]
		},
		{
			"cardinalityPolicy": "Single",
			"epaType": "Basic",
			"inputEvents": [{
				"consumptionPolicy": "Consume",
				"name": "CallPOPDWH",
				"filterExpression": "CallPOPDWH.other_party_tel_number_prefix == 960 &&  EqualsIgnoreCase(CallPOPDWH.call_direction,'O') &&  CallPOPDWH.conversation_duration >= 60",
				"instanceSelectionPolicy": "First"
			}],
			"internalSegmentation": [],
			"name": "halfFrequentEachLongCallEPA",
			"context": "Always",
			"computedVariables": [],
			"evaluationPolicy": "Immediate",
			"derivedEvents": [{
				"name": "halfFrequentEachLongCall",
				"reportParticipants": false,
				"expressions": {
					"call_start_date": "CallPOPDWH.call_start_date",
					"calling_number": "CallPOPDWH.calling_number",
					"call_direction": "CallPOPDWH.call_direction",
					"billed_msdn": "CallPOPDWH.billed_msdn",
					"conversation_duration": "CallPOPDWH.conversation_duration",
					"other_party_tel_number": "CallPOPDWH.other_party_tel_number",
					"called_number": "CallPOPDWH.called_number",
					"tap_related": "CallPOPDWH.tap_related",
					"call_start_time": "CallPOPDWH.call_start_time",
					"total_call_charge_amount": "CallPOPDWH.total_call_charge_amount",
					"other_party_tel_number_prefix": "CallPOPDWH.other_party_tel_number_prefix"
				}
			}]
		}],
		"consumers": [{
			"createdDate": "Tue Sep 23 2014",
			"name": "Consumer",
			"type": "File",
			"properties": [{
				"name": "filename",
				"value": "D://GitHub//Proton//IBM Proactive Technology Online//ProtonJ2SE//config//mobileFraudOutput2.txt"
			},
			{
				"name": "formatter",
				"value": "tag"
			},
			{
				"name": "delimiter",
				"value": ";"
			},
			{
				"name": "tagDataSeparator",
				"value": "="
			},
			{
				"name": "SendingDelay",
				"value": "1000"
			},
			{
				"name": "dateFormat",
				"value": "dd/MM/yyyy-HH:mm:ss"
			}],
			"events": [{
				"name": "halfFrequentEachLongCall"
			},
			{
				"name": "FrequentEachLongCall"
			},
			{
				"name": "CallPOPDWH"
			},
			{
				"name": "LongCallAtNight"
			},
			{
				"name": "FrequentLongCallsAtNight"
			},
			{
				"name": "halfExpensiveCalls"
			},
			{
				"name": "ExpensiveCalls"
			},
			{
				"name": "halfFrequentLongCalls"
			},
			{
				"name": "FrequentLongCalls"
			}]
		}
		],
		"contexts": {
			"composite": [{
				"temporalContexts": [{
					"name": "FrequenceLongCallsAtNight"
				}],
				"createdDate": "Mon Mar 09 2015",
				"segmentationContexts": [{
					"name": "CallingNumberSegmentation"
				}],
				"name": "CompositeFrequenceCallsNight"
			},
			{
				"temporalContexts": [{
					"name": "ExpensiveCallsTemporal"
				}],
				"createdDate": "Mon Mar 09 2015",
				"segmentationContexts": [{
					"name": "CallingNumberSegmentation"
				}],
				"name": "CompositeExpensiveCalls"
			},
			{
				"temporalContexts": [{
					"name": "FrequenceLongCallsTemporal"
				}],
				"createdDate": "Mon Mar 09 2015",
				"segmentationContexts": [{
					"name": "CallingNumberSegmentation"
				}],
				"name": "CompositeFrequenceCalls"
			}],
			"segmentation": [{
				"createdDate": "Mon Mar 09 2015",
				"participantEvents": [{
					"expression": "LongCallAtNight.calling_number",
					"name": "LongCallAtNight"
				},
				{
					"expression": "CallPOPDWH.calling_number",
					"name": "CallPOPDWH"
				},
				{
					"expression": "halfFrequentEachLongCall.calling_number",
					"name": "halfFrequentEachLongCall"
				},
				{
					"expression": "halfExpensiveCalls.calling_number",
					"name": "halfExpensiveCalls"
				},
				{
					"expression": "halfFrequentLongCalls.calling_number",
					"name": "halfFrequentLongCalls"
				}],
				"name": "CallingNumberSegmentation"
			}],
			"temporal": [{
				"atStartup": false,
				"neverEnding": false,
				"createdDate": "Mon Mar 09 2015",
				"name": "FrequenceLongCallsAtNight",
				"terminators": [{
					"terminatorType": "RelativeTime",
					"relativeTime": "1200000",
					"terminationType": "Terminate"
				}],
				"initiators": [{
					"initiatorPolicy": "Ignore",
					"name": "LongCallAtNight",
					"initiatorType": "Event"
				}],
				"type": "TemporalInterval"
			},
			{
				"atStartup": false,
				"neverEnding": false,
				"createdDate": "Mon Mar 09 2015",
				"name": "FrequenceLongCallsTemporal",
				"terminators": [{
					"terminatorType": "RelativeTime",
					"relativeTime": "1200000",
					"terminationType": "Terminate"
				}],
				"initiators": [{
					"initiatorPolicy": "Ignore",
					"name": "halfFrequentLongCalls",
					"initiatorType": "Event"
				}],
				"type": "TemporalInterval"
			},
			{
				"atStartup": true,
				"neverEnding": true,
				"createdDate": "Tue Sep 23 2014",
				"name": "Always",
				"terminators": [],
				"initiators": [],
				"type": "TemporalInterval"
			},
			{
				"atStartup": false,
				"neverEnding": false,
				"createdDate": "Mon Mar 09 2015",
				"name": "ExpensiveCallsTemporal",
				"terminators": [{
					"terminatorType": "RelativeTime",
					"relativeTime": "1200000",
					"terminationType": "Terminate"
				}],
				"initiators": [{
					"condition": "EqualsIgnoreCase(halfExpensiveCalls.call_direction,'O') && halfExpensiveCalls.other_party_tel_number_prefix == 960",
					"initiatorPolicy": "Add",
					"name": "halfExpensiveCalls",
					"initiatorType": "Event"
				}],
				"type": "TemporalInterval"
			}]
		},
		"events": [{
			"name": "halfFrequentEachLongCall",
			"attributes": [{
				"defaultValue": "1",
				"name": "Certainty",
				"description": "The certainty that this event happen (value between 0 to 1)",
				"type": "Double",
				"dimension": 0
			},
			{
				"name": "OccurrenceTime",
				"description": "No value means it equals the event detection time, other option is to use one of the defined distribution functions with parameters",
				"type": "Date",
				"dimension": 0
			},
			{
				"name": "ExpirationTime",
				"type": "Date",
				"dimension": 0
			},
			{
				"name": "Cost",
				"description": "The cost of this event occurrence. Negative if this is an opportunity",
				"type": "Double",
				"dimension": 0
			},
			{
				"defaultValue": "0",
				"name": "Duration",
				"description": "Used in case the this event occur within an interval",
				"type": "Double",
				"dimension": 0
			},
			{
				"name": "other_party_tel_number",
				"type": "String",
				"dimension": 0
			},
			{
				"name": "other_party_tel_number_prefix",
				"type": "Integer",
				"dimension": 0
			},
			{
				"name": "object_id",
				"type": "String",
				"dimension": 0
			},
			{
				"name": "billed_msdn",
				"type": "String",
				"dimension": 0
			},
			{
				"name": "call_start_date",
				"type": "Date",
				"dimension": 0
			},
			{
				"name": "call_start_time",
				"type": "Integer",
				"dimension": 0
			},
			{
				"name": "calling_number",
				"type": "String",
				"dimension": 0
			},
			{
				"name": "called_number",
				"type": "String",
				"dimension": 0
			},
			{
				"name": "call_direction",
				"type": "String",
				"dimension": 0
			},
			{
				"name": "tap_related",
				"type": "String",
				"dimension": 0
			},
			{
				"name": "conversation_duration",
				"type": "Integer",
				"dimension": 0
			},
			{
				"name": "total_call_charge_amount",
				"type": "Double",
				"dimension": 0
			}]
		},
		{
			"createdDate": "Tue Sep 23 2014",
			"name": "FrequentEachLongCall",
			"attributes": [{
				"defaultValue": "1",
				"name": "Certainty",
				"description": "The certainty that this event happen (value between 0 to 1)",
				"type": "Double",
				"dimension": 0
			},
			{
				"name": "OccurrenceTime",
				"description": "No value means it equals the event detection time, other option is to use one of the defined distribution functions with parameters",
				"type": "Date",
				"dimension": 0
			},
			{
				"name": "ExpirationTime",
				"type": "Date",
				"dimension": 0
			},
			{
				"name": "Cost",
				"description": "The cost of this event occurrence. Negative if this is an opportunity",
				"type": "Double",
				"dimension": 0
			},
			{
				"defaultValue": "0",
				"name": "Duration",
				"description": "Used in case the this event occur within an interval",
				"type": "Double",
				"dimension": 0
			},
			{
				"name": "calling_number",
				"type": "String",
				"dimension": 0
			},
			{
				"name": "CallsCount ",
				"type": "Integer",
				"dimension": 0
			},
			{
				"name": "call_start_dates",
				"type": "Date",
				"dimension": 1
			}]
		},
		{
			"createdDate": "Tue Sep 23 2014",
			"name": "CallPOPDWH",
			"attributes": [{
				"defaultValue": "1",
				"name": "Certainty",
				"description": "The certainty that this event happen (value between 0 to 1)",
				"type": "Double",
				"dimension": 0
			},
			{
				"name": "OccurrenceTime",
				"description": "No value means it equals the event detection time, other option is to use one of the defined distribution functions with parameters",
				"type": "Date",
				"dimension": 0
			},
			{
				"name": "ExpirationTime",
				"type": "Date",
				"dimension": 0
			},
			{
				"name": "Cost",
				"description": "The cost of this event occurrence. Negative if this is an opportunity",
				"type": "Double",
				"dimension": 0
			},
			{
				"defaultValue": "0",
				"name": "Duration",
				"description": "Used in case the this event occur within an interval",
				"type": "Double",
				"dimension": 0
			},
			{
				"name": "other_party_tel_number",
				"type": "String",
				"dimension": 0
			},
			{
				"name": "other_party_tel_number_prefix",
				"type": "Integer",
				"dimension": 0
			},
			{
				"name": "object_id",
				"type": "String",
				"dimension": 0
			},
			{
				"name": "billed_msdn",
				"type": "String",
				"dimension": 0
			},
			{
				"name": "call_start_date",
				"type": "Date",
				"dimension": 0
			},
			{
				"name": "call_start_time",
				"type": "Integer",
				"dimension": 0
			},
			{
				"name": "calling_number",
				"type": "String",
				"dimension": 0
			},
			{
				"name": "called_number",
				"type": "String",
				"dimension": 0
			},
			{
				"name": "call_direction",
				"type": "String",
				"dimension": 0
			},
			{
				"name": "tap_related",
				"type": "String",
				"dimension": 0
			},
			{
				"name": "conversation_duration",
				"type": "Integer",
				"dimension": 0
			},
			{
				"name": "total_call_charge_amount",
				"type": "Double",
				"dimension": 0
			}]
		},
		{
			"createdDate": "Tue Sep 23 2014",
			"name": "LongCallAtNight",
			"attributes": [{
				"defaultValue": "1",
				"name": "Certainty",
				"description": "The certainty that this event happen (value between 0 to 1)",
				"type": "Double",
				"dimension": 0
			},
			{
				"name": "OccurrenceTime",
				"description": "No value means it equals the event detection time, other option is to use one of the defined distribution functions with parameters",
				"type": "Date",
				"dimension": 0
			},
			{
				"name": "ExpirationTime",
				"type": "Date",
				"dimension": 0
			},
			{
				"name": "Cost",
				"description": "The cost of this event occurrence. Negative if this is an opportunity",
				"type": "Double",
				"dimension": 0
			},
			{
				"defaultValue": "0",
				"name": "Duration",
				"description": "Used in case the this event occur within an interval",
				"type": "Double",
				"dimension": 0
			},
			{
				"name": "other_party_tel_number",
				"type": "String",
				"dimension": 0
			},
			{
				"name": "call_start_date",
				"type": "Date",
				"dimension": 0
			},
			{
				"name": "calling_number",
				"type": "String",
				"dimension": 0
			},
			{
				"name": "called_number",
				"type": "String",
				"dimension": 0
			},
			{
				"name": "call_direction",
				"type": "String",
				"dimension": 0
			},
			{
				"name": "conversation_duration",
				"type": "Integer",
				"dimension": 0
			}]
		},
		{
			"createdDate": "Tue Sep 23 2014",
			"name": "FrequentLongCallsAtNight",
			"attributes": [{
				"defaultValue": "1",
				"name": "Certainty",
				"description": "The certainty that this event happen (value between 0 to 1)",
				"type": "Double",
				"dimension": 0
			},
			{
				"name": "OccurrenceTime",
				"description": "No value means it equals the event detection time, other option is to use one of the defined distribution functions with parameters",
				"type": "Date",
				"dimension": 0
			},
			{
				"name": "ExpirationTime",
				"type": "Date",
				"dimension": 0
			},
			{
				"name": "Cost",
				"description": "The cost of this event occurrence. Negative if this is an opportunity",
				"type": "Double",
				"dimension": 0
			},
			{
				"defaultValue": "0",
				"name": "Duration",
				"description": "Used in case the this event occur within an interval",
				"type": "Double",
				"dimension": 0
			},
			{
				"name": "calling_number",
				"type": "String",
				"dimension": 0
			},
			{
				"name": "call_direction",
				"type": "String",
				"dimension": 0
			},
			{
				"name": "CallsCount",
				"type": "Integer",
				"dimension": 0
			},
			{
				"name": "call_start_dates",
				"type": "Date",
				"dimension": 1
			}]
		},
		{
			"name": "halfExpensiveCalls",
			"attributes": [{
				"defaultValue": "1",
				"name": "Certainty",
				"description": "The certainty that this event happen (value between 0 to 1)",
				"type": "Double",
				"dimension": 0
			},
			{
				"name": "OccurrenceTime",
				"description": "No value means it equals the event detection time, other option is to use one of the defined distribution functions with parameters",
				"type": "Date",
				"dimension": 0
			},
			{
				"name": "ExpirationTime",
				"type": "Date",
				"dimension": 0
			},
			{
				"name": "Cost",
				"description": "The cost of this event occurrence. Negative if this is an opportunity",
				"type": "Double",
				"dimension": 0
			},
			{
				"defaultValue": "0",
				"name": "Duration",
				"description": "Used in case the this event occur within an interval",
				"type": "Double",
				"dimension": 0
			},
			{
				"name": "other_party_tel_number",
				"type": "String",
				"dimension": 0
			},
			{
				"name": "other_party_tel_number_prefix",
				"type": "Integer",
				"dimension": 0
			},
			{
				"name": "object_id",
				"type": "String",
				"dimension": 0
			},
			{
				"name": "billed_msdn",
				"type": "String",
				"dimension": 0
			},
			{
				"name": "call_start_date",
				"type": "Date",
				"dimension": 0
			},
			{
				"name": "call_start_time",
				"type": "Integer",
				"dimension": 0
			},
			{
				"name": "calling_number",
				"type": "String",
				"dimension": 0
			},
			{
				"name": "called_number",
				"type": "String",
				"dimension": 0
			},
			{
				"name": "call_direction",
				"type": "String",
				"dimension": 0
			},
			{
				"name": "tap_related",
				"type": "String",
				"dimension": 0
			},
			{
				"name": "conversation_duration",
				"type": "Integer",
				"dimension": 0
			},
			{
				"name": "total_call_charge_amount",
				"type": "Double",
				"dimension": 0
			}]
		},
		{
			"createdDate": "Tue Sep 23 2014",
			"name": "ExpensiveCalls",
			"attributes": [{
				"defaultValue": "1",
				"name": "Certainty",
				"description": "The certainty that this event happen (value between 0 to 1)",
				"type": "Double",
				"dimension": 0
			},
			{
				"name": "OccurrenceTime",
				"description": "No value means it equals the event detection time, other option is to use one of the defined distribution functions with parameters",
				"type": "Date",
				"dimension": 0
			},
			{
				"name": "ExpirationTime",
				"type": "Date",
				"dimension": 0
			},
			{
				"name": "Cost",
				"description": "The cost of this event occurrence. Negative if this is an opportunity",
				"type": "Double",
				"dimension": 0
			},
			{
				"defaultValue": "0",
				"name": "Duration",
				"description": "Used in case the this event occur within an interval",
				"type": "Double",
				"dimension": 0
			},
			{
				"name": "calling_number",
				"type": "String",
				"dimension": 0
			},
			{
				"name": "CallsCostSum",
				"type": "Integer",
				"dimension": 0
			},
			{
				"name": "call_start_dates",
				"type": "Date",
				"dimension": 1
			}]
		},
		{
			"name": "halfFrequentLongCalls",
			"attributes": [{
				"defaultValue": "1",
				"name": "Certainty",
				"description": "The certainty that this event happen (value between 0 to 1)",
				"type": "Double",
				"dimension": 0
			},
			{
				"name": "OccurrenceTime",
				"description": "No value means it equals the event detection time, other option is to use one of the defined distribution functions with parameters",
				"type": "Date",
				"dimension": 0
			},
			{
				"name": "ExpirationTime",
				"type": "Date",
				"dimension": 0
			},
			{
				"name": "Cost",
				"description": "The cost of this event occurrence. Negative if this is an opportunity",
				"type": "Double",
				"dimension": 0
			},
			{
				"defaultValue": "0",
				"name": "Duration",
				"description": "Used in case the this event occur within an interval",
				"type": "Double",
				"dimension": 0
			},
			{
				"name": "other_party_tel_number",
				"type": "String",
				"dimension": 0
			},
			{
				"name": "other_party_tel_number_prefix",
				"type": "Integer",
				"dimension": 0
			},
			{
				"name": "object_id",
				"type": "String",
				"dimension": 0
			},
			{
				"name": "billed_msdn",
				"type": "String",
				"dimension": 0
			},
			{
				"name": "call_start_date",
				"type": "Date",
				"dimension": 0
			},
			{
				"name": "call_start_time",
				"type": "Integer",
				"dimension": 0
			},
			{
				"name": "calling_number",
				"type": "String",
				"dimension": 0
			},
			{
				"name": "called_number",
				"type": "String",
				"dimension": 0
			},
			{
				"name": "call_direction",
				"type": "String",
				"dimension": 0
			},
			{
				"name": "tap_related",
				"type": "String",
				"dimension": 0
			},
			{
				"name": "conversation_duration",
				"type": "Integer",
				"dimension": 0
			},
			{
				"name": "total_call_charge_amount",
				"type": "Double",
				"dimension": 0
			}]
		},
		{
			"createdDate": "Tue Sep 23 2014",
			"name": "FrequentLongCalls",
			"attributes": [{
				"defaultValue": "1",
				"name": "Certainty",
				"description": "The certainty that this event happen (value between 0 to 1)",
				"type": "Double",
				"dimension": 0
			},
			{
				"name": "OccurrenceTime",
				"description": "No value means it equals the event detection time, other option is to use one of the defined distribution functions with parameters",
				"type": "Date",
				"dimension": 0
			},
			{
				"name": "ExpirationTime",
				"type": "Date",
				"dimension": 0
			},
			{
				"name": "Cost",
				"description": "The cost of this event occurrence. Negative if this is an opportunity",
				"type": "Double",
				"dimension": 0
			},
			{
				"defaultValue": "0",
				"name": "Duration",
				"description": "Used in case the this event occur within an interval",
				"type": "Double",
				"dimension": 0
			},
			{
				"name": "calling_number",
				"type": "String",
				"dimension": 0
			},
			{
				"name": "CallsCount",
				"type": "Integer",
				"dimension": 0
			},
			{
				"name": "CallsLengthSum",
				"type": "Integer",
				"dimension": 0
			},
			{
				"name": "call_start_dates",
				"type": "Date",
				"dimension": 1
			}]
		}],
		"producers": [{
			"createdDate": "Tue Sep 23 2014",
			"name": "Producer",
			"type": "File",
		"properties": [
          {
            "name": "filename",
            "value": "D://GitHub//Proton//IBM Proactive Technology Online//ProtonJ2SE//config//new_ferari_POP_CDR_export_sample_20146.txt"
          },
          {
            "name": "pollingInterval",
            "value": "0"
          },
          {
            "name": "sendingDelay",
            "value": "1"
          },
         {
             "name": "formatter",
             "value": "tag"
          },
          {
             "name": "delimiter",
              "value": ";"
          },
          {
              "name": "tagDataSeparator",
              "value": "="
          },
          {
            "name": "dateFormat",
            "value": "dd/MM/yyyy-HH:mm:ss"
          }
        ],
			"events": []
		}]
	}
}