{
	"epn": {
		"epas": [{
			"cardinalityPolicy": "Unrestricted",
			"createdDate": "Thu Jun 02 2016",
			"epaType": "All",
			"inputEvents": [{
				"consumptionPolicy": "Consume",
				"name": "e2",
				"instanceSelectionPolicy": "First"
			}],
			"internalSegmentation": [],
			"name": "CEand_State1_EPA",
			"context": "andContext_State_1",
			"computedVariables": [],
			"evaluationPolicy": "Immediate",
			"derivedEvents": [{
				"name": "CEand_st12",
				"reportParticipants": false,
				"expressions": {
					"minOccTime": "e2.time",
					"Duration": "0",
					"maxOccTime": "e2.time"
				}
			}]
		},
		{
			"cardinalityPolicy": "Unrestricted",
			"createdDate": "Thu Jun 02 2016",
			"epaType": "All",
			"inputEvents": [{
				"consumptionPolicy": "Consume",
				"name": "e1",
				"instanceSelectionPolicy": "First"
			},
			{
				"consumptionPolicy": "Consume",
				"name": "CEand_st12",
				"instanceSelectionPolicy": "First"
			}],
			"internalSegmentation": [],
			"name": "CEand_State2_EPA",
			"context": "andContext_State_2",
			"assertion": "CEand_st12.maxOccTime - 2000 <= CEand_st12.minOccTime + 2000",
			"computedVariables": [],
			"evaluationPolicy": "Immediate",
			"derivedEvents": [{
				"name": "CEand_st23",
				"reportParticipants": false,
				"expressions": {
					"minOccTime": "Min(e1.time,CEand_st12.minOccTime)",
					"Duration": "0",
					"maxOccTime": "Max(e1.time,CEand_st12.maxOccTime)"
				}
			}]
		},
		{
			"cardinalityPolicy": "Unrestricted",
			"createdDate": "Thu Jun 02 2016",
			"epaType": "All",
			"inputEvents": [{
				"consumptionPolicy": "Consume",
				"name": "e3",
				"instanceSelectionPolicy": "First"
			},
			{
				"consumptionPolicy": "Consume",
				"name": "CEand_st23",
				"instanceSelectionPolicy": "First"
			}],
			"internalSegmentation": [],
			"name": "AND",
			"context": "andContext_State_3",
			"assertion": "CEand_st23.maxOccTime - 2000 <= e3.OccurrenceTime <= CEand_st23.minOccTime + 2000",
			"computedVariables": [],
			"evaluationPolicy": "Immediate",
			"derivedEvents": [{
				"name": "CEand",
				"reportParticipants": false,
				"expressions": {
					"minOccTime": "Min(e3.OccurrenceTime,CEand_st23.minOccTime)",
					"Duration": "0",
					"maxOccTime": "Max(e3.OccurrenceTime,CEand_st23.maxOccTime)"
				}
			}]
		}],
		"consumers": 
		[
		 {
        "createdDate": "Tue Sep 23 2014",
        "name": "Consumer",
        "type": "File",
        "properties": [
          {
            "name": "filename",
            "value": "D:\\EP\\Projects\\EU\\FERARI\\demo\\cite1Output.txt"
          },
          {
            "name": "formatter",
            "value": "tag"
          },
          {
            "name": "delimiter",
            "value": ";"
          },
          {
            "name": "tagDataSeparator",
            "value": "="
          },
          {
            "name": "SendingDelay",
            "value": "1000"
          },
          {
            "name": "dateFormat",
            "value": "dd/MM/yyyy-HH:mm:ss"
          }
        ],
        "events": [
          {
            "name": "CEand_st12"
          },
          {
          	"name": "CEand_st23"
          },
          {
          	"name": "CEand"
          },
           {
            "name": "e1"
          },
          
           {
            "name": "e2"
          },
          
           {
            "name": "e3"
          }
          
		]
		}
		],
		"contexts": {
			"composite": [],
			"segmentation": [],
			"temporal": [{
				"atStartup": false,
				"neverEnding": false,
				"createdDate": "Thu Jun 02 2016",
				"name": "andContext_State_3",
				"terminators": [{
					"terminatorType": "RelativeTime",
					"relativeTime": "2000",
					"terminationType": "Terminate"
				}],
				"initiators": [{
					"initiatorPolicy": "Ignore",
					"name": "e3",
					"initiatorType": "Event"
				},
				{
					"initiatorPolicy": "Ignore",
					"name": "CEand_st23",
					"initiatorType": "Event"
				}],
				"type": "TemporalInterval"
			},
			{
				"atStartup": false,
				"neverEnding": false,
				"createdDate": "Thu Jun 02 2016",
				"name": "andContext_State_2",
				"terminators": [{
					"terminatorType": "RelativeTime",
					"relativeTime": "2000",
					"terminationType": "Terminate"
				}],
				"initiators": [{
					"initiatorPolicy": "Ignore",
					"name": "e1",
					"initiatorType": "Event"
				},
				{
					"initiatorPolicy": "Ignore",
					"name": "CEand_st12",
					"initiatorType": "Event"
				}],
				"type": "TemporalInterval"
			},
			{
				"atStartup": false,
				"neverEnding": false,
				"createdDate": "Thu Jun 02 2016",
				"name": "andContext_State_1",
				"terminators": [{
					"terminatorType": "RelativeTime",
					"relativeTime": "2000",
					"terminationType": "Terminate"
				}],
				"initiators": [{
					"initiatorPolicy": "Ignore",
					"name": "e2",
					"initiatorType": "Event"
				}],
				"type": "TemporalInterval"
			}]
		},
		"events": [{
			"name": "CEand_st12",
			"attributes": [{
				"defaultValue": "1",
				"name": "Certainty",
				"description": "The certainty that this event happen (value between 0 to 1)",
				"type": "Double",
				"dimension": 0
			},
			{
				"name": "OccurrenceTime",
				"description": "No value means it equals the event detection time, other option is to use one of the defined distribution functions with parameters",
				"type": "Date",
				"dimension": 0
			},
			{
				"name": "ExpirationTime",
				"type": "Date",
				"dimension": 0
			},
			{
				"name": "Cost",
				"description": "The cost of this event occurrence. Negative if this is an opportunity",
				"type": "Double",
				"dimension": 0
			},
			{
				"defaultValue": "0",
				"name": "Duration",
				"description": "Used in case the this event occur within an interval",
				"type": "Double",
				"dimension": 0
			},
			{
				"defaultValue": "true",
				"name": "Intermediate",
				"description": "Intermediate derived event for pulling purposes.",
				"type": "boolean",
				"dimension": 0
			},
			{
				"name": "minOccTime",
				"description": "Minimum occurrence time.",
				"type": "Date",
				"dimension": 0
			},
			{
				"name": "maxOccTime",
				"description": "Maximum occurrence time.",
				"type": "Date",
				"dimension": 0
			}]
		},
		{
			"name": "CEand_st23",
			"attributes": [{
				"defaultValue": "1",
				"name": "Certainty",
				"description": "The certainty that this event happen (value between 0 to 1)",
				"type": "Double",
				"dimension": 0
			},
			{
				"name": "OccurrenceTime",
				"description": "No value means it equals the event detection time, other option is to use one of the defined distribution functions with parameters",
				"type": "Date",
				"dimension": 0
			},
			{
				"name": "ExpirationTime",
				"type": "Date",
				"dimension": 0
			},
			{
				"name": "Cost",
				"description": "The cost of this event occurrence. Negative if this is an opportunity",
				"type": "Double",
				"dimension": 0
			},
			{
				"defaultValue": "0",
				"name": "Duration",
				"description": "Used in case the this event occur within an interval",
				"type": "Double",
				"dimension": 0
			},
			{
				"defaultValue": "true",
				"name": "Intermediate",
				"description": "Intermediate derived event for pulling purposes.",
				"type": "boolean",
				"dimension": 0
			},
			{
				"name": "minOccTime",
				"description": "Minimum occurrence time.",
				"type": "Date",
				"dimension": 0
			},
			{
				"name": "maxOccTime",
				"description": "Maximum occurrence time.",
				"type": "Date",
				"dimension": 0
			}]
		},
		{
			"createdDate": "Thu Jun 02 2016",
			"name": "e1",
			"attributes": [{
				"defaultValue": "1",
				"name": "Certainty",
				"description": "The certainty that this event happen (value between 0 to 1)",
				"type": "Double",
				"dimension": 0
			},
			{
				"name": "OccurrenceTime",
				"description": "No value means it equals the event detection time, other option is to use one of the defined distribution functions with parameters",
				"type": "Date",
				"dimension": 0
			},
			{
				"name": "time",
				"description": "Event Timestamp",
				"type": "Date",
				"dimension": 0
			},
			{
				"name": "ExpirationTime",
				"type": "Date",
				"dimension": 0
			},
			{
				"name": "Cost",
				"description": "The cost of this event occurrence. Negative if this is an opportunity",
				"type": "Double",
				"dimension": 0
			},
			{
				"defaultValue": "0",
				"name": "Duration",
				"description": "Used in case the this event occur within an interval",
				"type": "Double",
				"dimension": 0
			}]
		},
		{
			"createdDate": "Thu Jun 02 2016",
			"name": "e2",
			"attributes": [{
				"defaultValue": "1",
				"name": "Certainty",
				"description": "The certainty that this event happen (value between 0 to 1)",
				"type": "Double",
				"dimension": 0
			},
			{
				"name": "OccurrenceTime",
				"description": "No value means it equals the event detection time, other option is to use one of the defined distribution functions with parameters",
				"type": "Date",
				"dimension": 0
			},
			{
				"name": "time",
				"description": "Event Timestamp",
				"type": "Date",
				"dimension": 0
			},
			{
				"name": "ExpirationTime",
				"type": "Date",
				"dimension": 0
			},
			{
				"name": "Cost",
				"description": "The cost of this event occurrence. Negative if this is an opportunity",
				"type": "Double",
				"dimension": 0
			},
			{
				"defaultValue": "0",
				"name": "Duration",
				"description": "Used in case the this event occur within an interval",
				"type": "Double",
				"dimension": 0
			}]
		},
		{
			"createdDate": "Thu Jun 02 2016",
			"name": "e3",
			"attributes": [{
				"defaultValue": "1",
				"name": "Certainty",
				"description": "The certainty that this event happen (value between 0 to 1)",
				"type": "Double",
				"dimension": 0
			},
			{
				"name": "OccurrenceTime",
				"description": "No value means it equals the event detection time, other option is to use one of the defined distribution functions with parameters",
				"type": "Date",
				"dimension": 0
			},
			{
				"name": "time",
				"description": "Event Timestamp",
				"type": "Date",
				"dimension": 0
			},
			{
				"name": "ExpirationTime",
				"type": "Date",
				"dimension": 0
			},
			{
				"name": "Cost",
				"description": "The cost of this event occurrence. Negative if this is an opportunity",
				"type": "Double",
				"dimension": 0
			},
			{
				"defaultValue": "0",
				"name": "Duration",
				"description": "Used in case the this event occur within an interval",
				"type": "Double",
				"dimension": 0
			}]
		},
		{
			"createdDate": "Thu Jun 02 2016",
			"name": "CEand",
			"attributes": [{
				"defaultValue": "1",
				"name": "Certainty",
				"description": "The certainty that this event happen (value between 0 to 1)",
				"type": "Double",
				"dimension": 0
			},
			{
				"name": "OccurrenceTime",
				"description": "No value means it equals the event detection time, other option is to use one of the defined distribution functions with parameters",
				"type": "Date",
				"dimension": 0
			},
			{
				"name": "ExpirationTime",
				"type": "Date",
				"dimension": 0
			},
			{
				"name": "Cost",
				"description": "The cost of this event occurrence. Negative if this is an opportunity",
				"type": "Double",
				"dimension": 0
			},
			{
				"defaultValue": "0",
				"name": "Duration",
				"description": "Used in case the this event occur within an interval",
				"type": "Double",
				"dimension": 0
			},
			{
				"defaultValue": "true",
				"name": "SendToDashboard",
				"description": "Event should be pushed to dashboard",
				"type": "boolean",
				"dimension": 0
			},
			{
				"name": "minOccTime",
				"description": "Minimum occurrence time.",
				"type": "Date",
				"dimension": 0
			},
			{
				"name": "maxOccTime",
				"description": "Maximum occurrence time.",
				"type": "Date",
				"dimension": 0
			}
			]
		},
		{
			"createdDate": "Thu Jun 02 2016",
			"name": "e5",
			"attributes": [{
				"defaultValue": "1",
				"name": "Certainty",
				"description": "The certainty that this event happen (value between 0 to 1)",
				"type": "Double",
				"dimension": 0
			},
			{
				"name": "OccurrenceTime",
				"description": "No value means it equals the event detection time, other option is to use one of the defined distribution functions with parameters",
				"type": "Date",
				"dimension": 0
			},
			{
				"name": "time",
				"description": "Event Timestamp",
				"type": "Date",
				"dimension": 0
			},
			{
				"name": "ExpirationTime",
				"type": "Date",
				"dimension": 0
			},
			{
				"name": "Cost",
				"description": "The cost of this event occurrence. Negative if this is an opportunity",
				"type": "Double",
				"dimension": 0
			},
			{
				"defaultValue": "0",
				"name": "Duration",
				"description": "Used in case the this event occur within an interval",
				"type": "Double",
				"dimension": 0
			},
			{
				"defaultValue": "'cent2'",
				"name": "PushToCoordinators",
				"description": "List of coordinators that this event should be pushed",
				"type": "String",
				"dimension": 0
			}]
		}],
		"producers": 
		[
		 {
        "createdDate": "Tue Sep 23 2014",
        "name": "Producer",
        "type": "Timed",
        "properties": [
          {
            "name": "filename",
            "value": "D:/GitHub/Proton/IBM Proactive Technology Online/ProtonJ2SE/config/cent1_Synthetic_data"
          },
          {
            "name": "pollingInterval",
            "value": "2000"
          },
          {
            "name": "sendingDelay",
            "value": "1000"
          },
          {
            "name": "formatter",           
            "value": "tag"
          },
          {
            "name": "delimiter",
            "value": ";"
          },
          {
            "name": "tagDataSeparator",
            "value": "="
          },
          {
            "name": "dateFormat",
            "value": "dd/MM/yyyy-HH:mm:ss"
          }
        ],
        "events": []
      }
		]
	}
}