{
  "epn": {
    "events": [
      {
        "name": "InputValue",
        "createdDate": "Tue Sep 23 2014",
        "attributes": [
          {
            "name": "Certainty",
            "type": "Double",
            "defaultValue": "1",
            "dimension": 0,
            "description": "The certainty that this event happen (value between 0 to 1)"
          },
          {
            "name": "OccurrenceTime",
            "type": "Date",
            "dimension": 0,
            "description": "No value means it equals the event detection time, other option is to use one of the defined distribution functions with parameters"
          },
          {
            "name": "ExpirationTime",
            "type": "Date",
            "dimension": 0
          },
          {
            "name": "Cost",
            "type": "Double",
            "dimension": 0,
            "description": "The cost of this event occurrence. Negative if this is an opportunity"
          },
          {
            "name": "Duration",
            "type": "Double",
            "defaultValue": "0",
            "dimension": 0,
            "description": "Used in case the this event occur within an interval"
          },
          {
            "name": "customerID",
            "type": "String",
            "dimension": 0
          },          
          {
            "name": "value",
            "type": "Double",
            "dimension": 0
          },
          {
            "name": "measureDate",
            "type": "Date",
            "dimension": 0
          }
        ]
      },
      {
        "name": "MobileAvg",
        "createdDate": "Tue Sep 23 2014",
        "attributes": [
          {
            "name": "Certainty",
            "type": "Double",
            "defaultValue": "1",
            "dimension": 0,
            "description": "The certainty that this event happen (value between 0 to 1)"
          },
          {
            "name": "OccurrenceTime",
            "type": "Date",
            "dimension": 0,
            "description": "No value means it equals the event detection time, other option is to use one of the defined distribution functions with parameters"
          },
          {
            "name": "ExpirationTime",
            "type": "Date",
            "dimension": 0
          },
          {
            "name": "Cost",
            "type": "Double",
            "dimension": 0,
            "description": "The cost of this event occurrence. Negative if this is an opportunity"
          },
          {
            "name": "Duration",
            "type": "Double",
            "defaultValue": "0",
            "dimension": 0,
            "description": "Used in case the this event occur within an interval"
          },
           {
            "name": "customerID",
            "type": "String",
            "dimension": 0
          },          
          {
            "name": "Average",
            "type": "Double",
            "dimension": 0
          }         
        ]
      }
    ],
    "epas": [
      {
        "name": "MobileAverageEPA",
        "createdDate": "Mon Mar 09 2015",
        "epaType": "Aggregate",
        "context": "SlidingWindow",
        "inputEvents": [
          {
            "name": "InputValue",           
            "consumptionPolicy": "Reuse",
            "instanceSelectionPolicy": "First"
          }
        ],
         "computedVariables": [
          {
            "name": "AVERAGE",
            "aggregationType": "Average",
            "InputValue": "InputValue.value"
          }
        ],
        "evaluationPolicy": "Deferred",
        "cardinalityPolicy": "Unrestricted",        
        "internalSegmentation": 
        [          
        ],
        "derivedEvents": [
          {
            "name": "MobileAvg",
            "reportParticipants": false,
            "expressions": {
              "Duration": "0",                         
              "customerID": "context.CustomerIDSegmentation",            
              "Average": "AVERAGE"
            }     
          }
        ]
      }
    ],
    "contexts": {
      "temporal": [        
        {
          "name": "SlidingWindowTemporal",
          "createdDate": "Thu Oct 27 2016",
          "type": "TemporalInterval",
          "atStartup": false,
          "neverEnding": false,         
          "initiators": [
            {
              "initiatorType": "Event",
              "initiatorPolicy": "Add",
              "name": "InputValue"             
            }
          ],
          "terminators": 
          [
           {
              "terminatorType": "RelativeTime",
              "terminationType": "Terminate",
              "relativeTime": "1260000"
            }
          ]
        }
      ],
      "segmentation": [
        {
          "name": "CustomerIDSegmentation",
          "createdDate": "Mon Mar 09 2015",
          "participantEvents": [
            
            {
              "name": "InputValue",
              "expression": "InputValue.customerID"
            }
          ]
        }
      ],
      "composite": [
      {
          "name": "SlidingWindow",
          "createdDate": "Mon Mar 09 2015",
          "temporalContexts": [
            {
              "name": "SlidingWindowTemporal"
            }
          ],
          "segmentationContexts": [
            {
              "name": "CustomerIDSegmentation"
            }
          ]
        }
        
      ]
    },
   "consumers": [
      {
        "name": "Consumer",
        "createdDate": "Tue Sep 23 2014",
        "type": "File",
        "properties": [
          {
            "name": "filename",
            "value": "D:\\EP\\Projects\\Proton\\OpenSourceWorkspace\\ProtonEU\\PSYMBIOSYS\\FINCONS\\exampleOutput.txt"
          },
          {
            "name": "formatter",
            "value": "tag"
          },
          {
            "name": "delimiter",
            "value": ";"
          },
          {
            "name": "tagDataSeparator",
            "value": "="
          },
          {
            "name": "SendingDelay",
            "value": "1000"
          },
          {
            "name": "dateFormat",
            "value": "dd/MM/yyyy-HH:mm:ss"
          }
        ],
        "events": [
          {
            "name": "InputValue"
          },
          {
            "name": "MobileAvg"
          }
        ]
      }
    ],
    "producers": [
      {
        "name": "Producer",
        "createdDate": "Tue Sep 23 2014",
        "type": "Timed",
        "properties": [
          {
            "name": "filename",
            "value": "D:\\EP\\Projects\\Proton\\OpenSourceWorkspace\\ProtonEU\\PSYMBIOSYS\\FINCONS\\exampleInput.txt"
          },
          {
            "name": "pollingInterval",
            "value": "2000"
          },
          {
            "name": "sendingDelay",
            "value": "1000"
          },
          {
            "name": "formatter",
            "value": "tag"
          },
          {
            "name": "delimiter",
            "value": ";"
          },
          {
            "name": "tagDataSeparator",
            "value": "="
          },          
          {
            "name": "dateFormat",
            "value": "dd/MM/yyyy-HH:mm:ss"
          }
        ],
        "events": []
      }
    ],
    "name": "FINCONS"
  }
}