{
  "epn": {
    "events": [
      {
        "name": "CallPOPDWH",
        "createdDate": "Tue Sep 23 2014",
        "attributes": [
          {
            "name": "Certainty",
            "type": "Double",
            "defaultValue": "1",
            "dimension": 0,
            "description": "The certainty that this event happen (value between 0 to 1)"
          },
          {
            "name": "OccurrenceTime",
            "type": "Date",
            "dimension": 0,
            "description": "No value means it equals the event detection time, other option is to use one of the defined distribution functions with parameters"
          },
          {
            "name": "ExpirationTime",
            "type": "Date",
            "dimension": 0
          },
          {
            "name": "Cost",
            "type": "Double",
            "dimension": 0,
            "description": "The cost of this event occurrence. Negative if this is an opportunity"
          },
          {
            "name": "Duration",
            "type": "Double",
            "defaultValue": "0",
            "dimension": 0,
            "description": "Used in case the this event occur within an interval"
          },
          {
            "name": "other_party_tel_number",
            "type": "String",
            "dimension": 0
          },          
          {
            "name": "object_id",
            "type": "String",
            "dimension": 0
          },
          {
            "name": "billed_msdn",
            "type": "String",
            "dimension": 0
          },
          {
            "name": "call_start_date",
            "type": "Date",
            "dimension": 0
          },
        
          {
            "name": "calling_number",
            "type": "String",
            "dimension": 0
          },
          {
            "name": "called_number",
            "type": "String",
            "dimension": 0
          },
          {
            "name": "call_direction",
            "type": "String",
            "dimension": 0
          },
          {
            "name": "tap_related",
            "type": "String",
            "dimension": 0
          },
          {
            "name": "conversation_duration",
            "type": "Integer",
            "dimension": 0
          },
          {
            "name": "total_call_charge_amount",
            "type": "Double",
            "dimension": 0
          }
        ]
      },
      {
        "name": "LongCallAtNight",
        "createdDate": "Tue Sep 23 2014",
        "attributes": [
          {
            "name": "Certainty",
            "type": "Double",
            "defaultValue": "1",
            "dimension": 0,
            "description": "The certainty that this event happen (value between 0 to 1)"
          },
          {
            "name": "OccurrenceTime",
            "type": "Date",
            "dimension": 0,
            "description": "No value means it equals the event detection time, other option is to use one of the defined distribution functions with parameters"
          },
          {
            "name": "ExpirationTime",
            "type": "Date",
            "dimension": 0
          },
          {
            "name": "Cost",
            "type": "Double",
            "dimension": 0,
            "description": "The cost of this event occurrence. Negative if this is an opportunity"
          },
          {
            "name": "Duration",
            "type": "Double",
            "defaultValue": "0",
            "dimension": 0,
            "description": "Used in case the this event occur within an interval"
          },
          {
            "name": "other_party_tel_number",
            "type": "String",
            "dimension": 0
          },
          {
            "name": "call_start_date",
            "type": "Date",
            "dimension": 0
          },
          {
            "name": "calling_number",
            "type": "String",
            "dimension": 0
          },
          {
            "name": "called_number",
            "type": "String",
            "dimension": 0
          },
          {
            "name": "call_direction",
            "type": "String",
            "dimension": 0
          },
          {
            "name": "conversation_duration",
            "type": "Integer",
            "dimension": 0
          }
        ]
      },
      {
        "name": "FrequentLongCallsAtNight",
        "createdDate": "Tue Sep 23 2014",
        "attributes": [
          {
            "name": "Certainty",
            "type": "Double",
            "defaultValue": "1",
            "dimension": 0,
            "description": "The certainty that this event happen (value between 0 to 1)"
          },
          {
            "name": "OccurrenceTime",
            "type": "Date",
            "dimension": 0,
            "description": "No value means it equals the event detection time, other option is to use one of the defined distribution functions with parameters"
          },
          {
            "name": "ExpirationTime",
            "type": "Date",
            "dimension": 0
          },
          {
            "name": "Cost",
            "type": "Double",
            "dimension": 0,
            "description": "The cost of this event occurrence. Negative if this is an opportunity"
          },
          {
            "name": "Duration",
            "type": "Double",
            "defaultValue": "0",
            "dimension": 0,
            "description": "Used in case the this event occur within an interval"
          },
          {
            "name": "calling_number",
            "type": "String",
            "dimension": 0
          },
          {
            "name": "call_direction",
            "type": "String",
            "dimension": 0
          },
          {
            "name": "CallsCount",
            "type": "Integer",
            "dimension": 0
          },
          {
          	 "name": "call_start_dates",
            "type": "Date",
            "dimension": 1
          }
        ]
      },
      {
        "name": "FrequentLongCalls",
        "createdDate": "Tue Sep 23 2014",
        "attributes": [
          {
            "name": "Certainty",
            "type": "Double",
            "defaultValue": "1",
            "dimension": 0,
            "description": "The certainty that this event happen (value between 0 to 1)"
          },
          {
            "name": "OccurrenceTime",
            "type": "Date",
            "dimension": 0,
            "description": "No value means it equals the event detection time, other option is to use one of the defined distribution functions with parameters"
          },
          {
            "name": "ExpirationTime",
            "type": "Date",
            "dimension": 0
          },
          {
            "name": "Cost",
            "type": "Double",
            "dimension": 0,
            "description": "The cost of this event occurrence. Negative if this is an opportunity"
          },
          {
            "name": "Duration",
            "type": "Double",
            "defaultValue": "0",
            "dimension": 0,
            "description": "Used in case the this event occur within an interval"
          },
          {
            "name": "calling_number",
            "type": "String",
            "dimension": 0
          },
          {
            "name": "CallsCount",
            "type": "Integer",
            "dimension": 0
          },
          {
            "name": "CallsLengthSum",
            "type": "Integer",
            "dimension": 0
          },
          {
          	 "name": "call_start_dates",
            "type": "Date",
            "dimension": 1
          }
        ]
      },
      {
        "name": "FrequentEachLongCall",
        "createdDate": "Tue Sep 23 2014",
        "attributes": [
          {
            "name": "Certainty",
            "type": "Double",
            "defaultValue": "1",
            "dimension": 0,
            "description": "The certainty that this event happen (value between 0 to 1)"
          },
          {
            "name": "OccurrenceTime",
            "type": "Date",
            "dimension": 0,
            "description": "No value means it equals the event detection time, other option is to use one of the defined distribution functions with parameters"
          },
          {
            "name": "ExpirationTime",
            "type": "Date",
            "dimension": 0
          },
          {
            "name": "Cost",
            "type": "Double",
            "dimension": 0,
            "description": "The cost of this event occurrence. Negative if this is an opportunity"
          },
          {
            "name": "Duration",
            "type": "Double",
            "defaultValue": "0",
            "dimension": 0,
            "description": "Used in case the this event occur within an interval"
          },
          {
            "name": "calling_number",
            "type": "String",
            "dimension": 0
          },
          {
            "name": "CallsCount ",
            "type": "Integer",
            "dimension": 0
          },
            {
          	 "name": "call_start_dates",
            "type": "Date",
            "dimension": 1
          }
        ]
      },
      {
        "name": "ExpensiveCalls",
        "createdDate": "Tue Sep 23 2014",
        "attributes": [
          {
            "name": "Certainty",
            "type": "Double",
            "defaultValue": "1",
            "dimension": 0,
            "description": "The certainty that this event happen (value between 0 to 1)"
          },
          {
            "name": "OccurrenceTime",
            "type": "Date",
            "dimension": 0,
            "description": "No value means it equals the event detection time, other option is to use one of the defined distribution functions with parameters"
          },
          {
            "name": "ExpirationTime",
            "type": "Date",
            "dimension": 0
          },
          {
            "name": "Cost",
            "type": "Double",
            "dimension": 0,
            "description": "The cost of this event occurrence. Negative if this is an opportunity"
          },
          {
            "name": "Duration",
            "type": "Double",
            "defaultValue": "0",
            "dimension": 0,
            "description": "Used in case the this event occur within an interval"
          },
          {
            "name": "calling_number",
            "type": "String",
            "dimension": 0
          },
          {
            "name": "CallsCostSum",
            "type": "Integer",
            "dimension": 0
          },
            {
          	 "name": "call_start_dates",
            "type": "Date",
            "dimension": 1
          }
        ]
      }
    ],
    "epas": [
      {
        "name": "LongCallsAtNightEPA",
        "createdDate": "Mon Mar 09 2015",
        "epaType": "Basic",
        "context": "Always",
        "inputEvents": [
          {
            "name": "CallPOPDWH",
            "filterExpression": " EqualsIgnoreCase(CallPOPDWH.call_direction,'O')  && (GetHours(CallPOPDWH.call_start_date) >= 19 || GetHours(CallPOPDWH.call_start_date) <= 6) && CallPOPDWH.conversation_duration >= 40",
            "consumptionPolicy": "Consume",
            "instanceSelectionPolicy": "First"
          }
        ],
        "computedVariables": [],
        "evaluationPolicy": "Immediate",
        "cardinalityPolicy": "Single",
        "internalSegmentation": [],
        "derivedEvents": [
          {
            "name": "LongCallAtNight",
            "reportParticipants": false,
            "expressions": {
              "Duration": "0",
              "other_party_tel_number": "CallPOPDWH.other_party_tel_number",
              "call_start_date": "CallPOPDWH.call_start_date",
              "calling_number": "CallPOPDWH.calling_number",
              "called_number": "CallPOPDWH.called_number",
              "call_direction": "CallPOPDWH.call_direction",
              "conversation_duration": "CallPOPDWH.conversation_duration"
            }
          }
        ]
      },
      {
        "name": "FrequenceLongCallsAtNightEPA",
        "createdDate": "Mon Mar 09 2015",
        "epaType": "Aggregate",
        "context": "CompositeFrequenceCallsNight",
        "inputEvents": [
          {
            "name": "LongCallAtNight",
            "consumptionPolicy": "Reuse",
            "instanceSelectionPolicy": "First"
          }
        ],
        "computedVariables": [
          {
            "name": "Count",
            "aggregationType": "Count",
            "LongCallAtNight": "1"
          }
        ],
        "assertion": "Count >2",
        "evaluationPolicy": "Immediate",
        "cardinalityPolicy": "Unrestricted",
        "internalSegmentation": [],
        "derivedEvents": [
          {
            "name": "FrequentLongCallsAtNight",
            "reportParticipants": false,
            "expressions": {
              "Duration": "0",
              "calling_number": "context.CallingNumberSegmentation",
              "call_direction": "'O'",
              "CallsCount": "Count"
            }
          }
        ]
      },
      {
        "name": "FrequenctLongCallsEPA",
        "createdDate": "Mon Mar 09 2015",
        "epaType": "Aggregate",
        "context": "CompositeFrequenceCalls",
        "inputEvents": [
          {
            "name": "CallPOPDWH",
            "filterExpression": "EqualsIgnoreCase(CallPOPDWH.call_direction,'O')",
            "consumptionPolicy": "Reuse",
            "instanceSelectionPolicy": "First"
          }
        ],
        "computedVariables": [
          {
            "name": "SUM",
            "aggregationType": "Sum",
            "CallPOPDWH": "CallPOPDWH.conversation_duration"
          },
          {
            "name": "COUNT",
            "aggregationType": "Count",
            "CallPOPDWH": "1"
          }
        ],
        "assertion": "SUM > 60 && COUNT > 9",
        "evaluationPolicy": "Immediate",
        "cardinalityPolicy": "Single",
        "internalSegmentation": [],
        "derivedEvents": [
          {
            "name": "FrequentLongCalls",
            "reportParticipants": false,
            "expressions": {
              "Duration": "0",
              "calling_number": "context.CallingNumberSegmentation",
              "CallsCount": "COUNT",
              "CallsLengthSum": "SUM",
              "call_start_dates":"ArrayMaxValue(ArrayConvert(CallPOPDWH.call_start_date))"
            }
          }
        ]
      },
      {
        "name": "FrequentEachLongCallEPA",
        "createdDate": "Mon Mar 09 2015",
        "epaType": "Aggregate",
        "context": "CompositeFrequenceCalls",
        "inputEvents": [
          {
            "name": "CallPOPDWH",
            "filterExpression": " EqualsIgnoreCase(CallPOPDWH.call_direction,'O') &&  CallPOPDWH.conversation_duration >= 40",
            "consumptionPolicy": "Reuse",
            "instanceSelectionPolicy": "First"
          }
        ],
        "computedVariables": [
          {
            "name": "COUNT",
            "aggregationType": "Count",
            "CallPOPDWH": "1"
          }
        ],
        "assertion": "COUNT > 3",
        "evaluationPolicy": "Immediate",
        "cardinalityPolicy": "Single",
        "internalSegmentation": [],
        "derivedEvents": [
          {
            "name": "FrequentEachLongCall",
            "reportParticipants": false,
            "expressions": {
              "Duration": "0",
              "calling_number": "context.CallingNumberSegmentation",
              "CallsCount ": "COUNT",
              "call_start_dates":"ArrayMaxValue(ArrayConvert(CallPOPDWH.call_start_date))"
            }
          }
        ]
      },
      {
        "name": "ExpensiveCallsEPA",
        "createdDate": "Mon Mar 09 2015",
        "epaType": "Aggregate",
        "context": "CompositeExpensiveCalls",
        "inputEvents": [
          {
            "name": "CallPOPDWH",
            "filterExpression": "EqualsIgnoreCase(CallPOPDWH.call_direction,'O')",
            "consumptionPolicy": "Reuse",
            "instanceSelectionPolicy": "First"
          }
        ],
        "computedVariables": [
          {
            "name": "SUM",
            "aggregationType": "Sum",
            "CallPOPDWH": "CallPOPDWH.total_call_charge_amount"
          }
        ],
        "assertion": "SUM > 100",
        "evaluationPolicy": "Immediate",
        "cardinalityPolicy": "Single",
        "internalSegmentation": [],
        "derivedEvents": [
          {
            "name": "ExpensiveCalls",
            "reportParticipants": false,
            "expressions": {
              "Duration": "0",
              "calling_number": "context.CallingNumberSegmentation",
              "CallsCostSum": "SUM",
              "call_start_dates":"ArrayMaxValue(ArrayConvert(CallPOPDWH.call_start_date))"
            }
          }
        ]
      }
    ],
    "contexts": {
      "temporal": [
        {
          "name": "Always",
          "createdDate": "Tue Sep 23 2014",
          "type": "TemporalInterval",
          "atStartup": true,
          "neverEnding": true,
          "initiators": [],
          "terminators": []
        },
        {
          "name": "FrequenceLongCallsAtNight",
          "createdDate": "Mon Mar 09 2015",
          "type": "TemporalInterval",
          "atStartup": false,
          "neverEnding": false,
          "initiators": [
            {
              "initiatorType": "Event",
              "initiatorPolicy": "Ignore",
              "name": "LongCallAtNight"
            }
          ],
          "terminators": [
            {
              "terminatorType": "RelativeTime",
              "terminationType": "Terminate",
              "relativeTime": "120000"
            }
          ]
        },
        {
          "name": "FrequenceLongCallsTemporal",
          "createdDate": "Mon Mar 09 2015",
          "type": "TemporalInterval",
          "atStartup": false,
          "neverEnding": false,
          "initiators": [
            {
              "initiatorType": "Event",
              "initiatorPolicy": "Ignore",
              "name": "CallPOPDWH"
            }
          ],
          "terminators": [
            {
              "terminatorType": "RelativeTime",
              "terminationType": "Terminate",
              "relativeTime": "120000"
            }
          ]
        },
        {
          "name": "ExpensiveCallsTemporal",
          "createdDate": "Mon Mar 09 2015",
          "type": "TemporalInterval",
          "atStartup": false,
          "neverEnding": false,
          "initiators": [
            {
              "initiatorType": "Event",
              "initiatorPolicy": "Add",
              "name": "CallPOPDWH",
              "condition": "EqualsIgnoreCase(CallPOPDWH.call_direction,'O') && (IndexOf(CallPOPDWH.other_party_tel_number,'960') == 1 || IndexOf(CallPOPDWH.other_party_tel_number,'960') == 2)"
            }
          ],
          "terminators": [
            {
              "terminatorType": "RelativeTime",
              "terminationType": "Terminate",
              "relativeTime": "120000"
            }
          ]
        }
      ],
      "segmentation": [
        {
          "name": "CallingNumberSegmentation",
          "createdDate": "Mon Mar 09 2015",
          "participantEvents": [
            {
              "name": "LongCallAtNight",
              "expression": "LongCallAtNight.calling_number"
            },
            {
              "name": "CallPOPDWH",
              "expression": "CallPOPDWH.calling_number"
            }
          ]
        }
      ],
      "composite": [
        {
          "name": "CompositeFrequenceCallsNight",
          "createdDate": "Mon Mar 09 2015",
          "temporalContexts": [
            {
              "name": "FrequenceLongCallsAtNight"
            }
          ],
          "segmentationContexts": [
            {
              "name": "CallingNumberSegmentation"
            }
          ]
        },
        {
          "name": "CompositeFrequenceCalls",
          "createdDate": "Mon Mar 09 2015",
          "temporalContexts": [
            {
              "name": "FrequenceLongCallsTemporal"
            }
          ],
          "segmentationContexts": [
            {
              "name": "CallingNumberSegmentation"
            }
          ]
        },
        {
          "name": "CompositeExpensiveCalls",
          "createdDate": "Mon Mar 09 2015",
          "temporalContexts": [
            {
              "name": "ExpensiveCallsTemporal"
            }
          ],
          "segmentationContexts": [
            {
              "name": "CallingNumberSegmentation"
            }
          ]
        }
      ]
    },
   "consumers": [
      {
        "name": "Consumer",
        "createdDate": "Tue Sep 23 2014",
        "type": "File",
        "properties": [
          {
            "name": "filename",
            "value": "D:\\EP\\Projects\\EU\\FERARI\\demo\\mobileFraudOutput.txt"
          },
          {
            "name": "formatter",
            "value": "tag"
          },
          {
            "name": "delimiter",
            "value": ";"
          },
          {
            "name": "tagDataSeparator",
            "value": "="
          },
          {
            "name": "SendingDelay",
            "value": "1000"
          },
          {
            "name": "dateFormat",
            "value": "dd/MM/yyyy-HH:mm:ss"
          }
        ],
        "events": [
          {
            "name": "CallPOPDWH"
          },
          {
            "name": "LongCallAtNight"
          },
           {
            "name": "FrequentLongCallsAtNight"
          },
           {
            "name": "FrequentLongCalls"
          },
           {
            "name": "FrequentEachLongCall"
          },
           {
            "name": "ExpensiveCalls"
          }
        ]
      },
  {
                "name": "EventDashboard",
                "createdDate": "Sun Nov 18 2012",
                "type": "Rest",
                "properties": [
                    {
                        "name": "URL",
                        "value": "http://localhost:8080/dashboard/events"
                    },
                    {
                        "name": "contentType",
                        "value": "text/json"
                    },
                    {
                        "name": "formatter",
                        "value": "json"
                    },
                    {
                        "name": "dateFormat",
                        "value": "dd.MM.yyyy G 'at' HH:mm:ss z"
                    }
                ],
                "events": [
                     {
            "name": "CallPOPDWH"
          },
          {
            "name": "LongCallAtNight"
          },
           {
            "name": "FrequentLongCallsAtNight"
          },
           {
            "name": "FrequentLongCalls"
          },
           {
            "name": "FrequentEachLongCall"
          },
           {
            "name": "ExpensiveCalls"
          }
                ]
            }
    ],
    "producers": [
      {
        "name": "Producer",
        "createdDate": "Tue Sep 23 2014",
        "type": "File",
        "properties": [
          {
            "name": "filename",
            "value": "D:/GitHub/Proton/IBM Proactive Technology Online/ProtonJ2SE/config/ferari_POP_CDR_export_201405_sample_sorted.csv"
          },
          {
            "name": "pollingInterval",
            "value": "2000"
          },
          {
            "name": "sendingDelay",
            "value": "1000"
          },
          {
            "name": "formatter",
            "value": "csv"
          },
          {
            "name": "delimiter",
            "value": ","
          },
           {
            "name": "csvEventType",
            "value": "CallPOPDWH"
          },
          {
            "name": "csvAttributeNames",
            "value": "object_id,billed_msdn,call_start_date,attr_4,attr_5,calling_number,called_number,other_party_tel_number,call_direction,tap_related,attr_10,attr_11,attr_12,conversation_duration,attr_14,attr_15,total_call_charge_amount,attr_17,attr_18"
          },
          {
            "name": "tagDataSeparator",
            "value": "="
          },
          {
            "name": "dateFormat",
            "value": "dd/MM/yyyy HH:mm"
          }
        ],
        "events": []
      }
    ],
    "name": "MobileFraud"
  }
}