{
  "epn": {
    "events": [
      {
        "name": "CallPOPDWH",
        "attributes": [
          {
            "dimension": 0,
            "description": "The certainty that this event happen (value between 0 to 1)",
            "name": "Certainty",
            "defaultValue": "1",
            "type": "Double"
          },
          {
            "dimension": 0,
            "description": "No value means it equals the event detection time, other option is to use one of the defined distribution functions with parameters",
            "name": "OccurrenceTime",
            "type": "Date"
          },
          {
            "dimension": 0,
            "name": "ExpirationTime",
            "type": "Date"
          },
          {
            "dimension": 0,
            "description": "The cost of this event occurrence. Negative if this is an opportunity",
            "name": "Cost",
            "type": "Double"
          },
          {
            "dimension": 0,
            "description": "Used in case the this event occur within an interval",
            "name": "Duration",
            "defaultValue": "0",
            "type": "Double"
          },
          {
            "dimension": 0,
            "name": "other_party_tel_number",
            "type": "String"
          },
          {
            "dimension": 0,
            "name": "object_id",
            "type": "String"
          },
          {
            "dimension": 0,
            "name": "billed_msdn",
            "type": "String"
          },
          {
            "dimension": 0,
            "name": "call_service",
            "type": "String"
          },
          {
            "dimension": 0,
            "name": "call_start_date",
            "type": "Date"
          },
          {
            "dimension": 0,
            "name": "calling_number",
            "type": "String"
          },
          {
            "dimension": 0,
            "name": "called_number",
            "type": "String"
          },
          {
            "dimension": 0,
            "name": "call_direction",
            "type": "String"
          },
          {
            "dimension": 0,
            "name": "tap_related",
            "type": "String"
          },
          {
            "dimension": 0,
            "name": "conversation_duration",
            "type": "Integer"
          },
          {
            "dimension": 0,
            "name": "total_call_charge_amount",
            "type": "Double"
          },
          {
            "dimension": 0,
            "name": "customer_activation_date",
            "type": "Date"
          },
          {
            "dimension": 0,
            "name": "customer_type",
            "type": "String"
          }
        ],
        "createdDate": "Tue Sep 23 2014"
      },
      {
        "name": "Alarm593",
        "attributes": [
          {
            "dimension": 0,
            "description": "The certainty that this event happen (value between 0 to 1)",
            "name": "Certainty",
            "defaultValue": "1",
            "type": "Double"
          },
          {
            "dimension": 0,
            "description": "No value means it equals the event detection time, other option is to use one of the defined distribution functions with parameters",
            "name": "OccurrenceTime",
            "type": "Date"
          },
          {
            "dimension": 0,
            "name": "ExpirationTime",
            "type": "Date"
          },
          {
            "dimension": 0,
            "description": "The cost of this event occurrence. Negative if this is an opportunity",
            "name": "Cost",
            "type": "Double"
          },
          {
            "dimension": 0,
            "description": "Used in case the this event occur within an interval",
            "name": "Duration",
            "defaultValue": "0",
            "type": "Double"
          },
          {
            "dimension": 0,
            "name": "calling_number",
            "type": "String"
          },
          {
            "dimension": 0,
            "name": "amount_spent",
            "type": "Double"
          },
          {
            "dimension": 1,
            "name": "call_start_dates",
            "type": "Date"
          },
          {
            "dimension": 0,
            "name": "billed_msdn",
            "type": "String"
          }
        ],
        "createdDate": "Tue Sep 23 2014"
      },
      {
        "name": "Alarm630",
        "attributes": [
          {
            "dimension": 0,
            "description": "The certainty that this event happen (value between 0 to 1)",
            "name": "Certainty",
            "defaultValue": "1",
            "type": "Double"
          },
          {
            "dimension": 0,
            "description": "No value means it equals the event detection time, other option is to use one of the defined distribution functions with parameters",
            "name": "OccurrenceTime",
            "type": "Date"
          },
          {
            "dimension": 0,
            "name": "ExpirationTime",
            "type": "Date"
          },
          {
            "dimension": 0,
            "description": "The cost of this event occurrence. Negative if this is an opportunity",
            "name": "Cost",
            "type": "Double"
          },
          {
            "dimension": 0,
            "description": "Used in case the this event occur within an interval",
            "name": "Duration",
            "defaultValue": "0",
            "type": "Double"
          },
          {
            "dimension": 0,
            "name": "calling_number",
            "type": "String"
          },
          {
            "dimension": 0,
            "name": "amount_spent",
            "type": "Double"
          },
          {
            "dimension": 1,
            "name": "call_start_dates",
            "type": "Date"
          },
          {
            "dimension": 0,
            "name": "billed_msdn",
            "type": "String"
          }
        ],
        "createdDate": "Tue Sep 23 2014"
      },
      {
        "name": "Alarm848",
        "attributes": [
          {
            "dimension": 0,
            "description": "The certainty that this event happen (value between 0 to 1)",
            "name": "Certainty",
            "defaultValue": "1",
            "type": "Double"
          },
          {
            "dimension": 0,
            "description": "No value means it equals the event detection time, other option is to use one of the defined distribution functions with parameters",
            "name": "OccurrenceTime",
            "type": "Date"
          },
          {
            "dimension": 0,
            "name": "ExpirationTime",
            "type": "Date"
          },
          {
            "dimension": 0,
            "description": "The cost of this event occurrence. Negative if this is an opportunity",
            "name": "Cost",
            "type": "Double"
          },
          {
            "dimension": 0,
            "description": "Used in case the this event occur within an interval",
            "name": "Duration",
            "defaultValue": "0",
            "type": "Double"
          },
          {
            "dimension": 0,
            "name": "calling_number",
            "type": "String"
          },
          {
            "dimension": 0,
            "name": "number_calls",
            "type": "Integer"
          },
          {
            "dimension": 1,
            "name": "call_start_dates",
            "type": "Date"
          },
          {
            "dimension": 0,
            "name": "billed_msdn",
            "type": "String"
          }
        ],
        "createdDate": "Tue Sep 23 2014"
      },
      {
        "name": "FilteredInCDR",
        "attributes": [
          {
            "dimension": 0,
            "description": "The certainty that this event happen (value between 0 to 1)",
            "name": "Certainty",
            "defaultValue": "1",
            "type": "Double"
          },
          {
            "dimension": 0,
            "description": "No value means it equals the event detection time, other option is to use one of the defined distribution functions with parameters",
            "name": "OccurrenceTime",
            "type": "Date"
          },
          {
            "dimension": 0,
            "name": "ExpirationTime",
            "type": "Date"
          },
          {
            "dimension": 0,
            "description": "The cost of this event occurrence. Negative if this is an opportunity",
            "name": "Cost",
            "type": "Double"
          },
          {
            "dimension": 0,
            "description": "Used in case the this event occur within an interval",
            "name": "Duration",
            "defaultValue": "0",
            "type": "Double"
          },
          {
            "dimension": 0,
            "name": "total_call_charge_amount",
            "type": "Double"
          },
          {
            "dimension": 0,
            "name": "call_start_date",
            "type": "Date"
          },
          {
            "dimension": 0,
            "name": "billed_msdn",
            "type": "String"
          },
          {
            "dimension": 0,
            "name": "calling_number",
            "type": "String"
          }
        ],
        "createdDate": "Wed Dec 07 2016"
      }
    ],
    "name": "MobileFraud",
    "consumers": [
      {
        "events": [
          {
            "name": "CallPOPDWH"
          },
          {
            "name": "Alarm630"
          },
          {
            "name": "Alarm848"
          },
          {
            "name": "Alarm593"
          }
        ],
        "name": "Consumer",
        "properties": [
          {
            "name": "filename",
            "value": "D:\\EP\\Projects\\Proton\\OpenSourceWorkspace\\ProtonEU\\FERARI\\MobileFraud\\RulesForKPI\\mobileFraudOutput630.txt"
          },
          {
            "name": "formatter",
            "value": "tag"
          },
          {
            "name": "delimiter",
            "value": ";"
          },
          {
            "name": "tagDataSeparator",
            "value": "="
          },
          {
            "name": "SendingDelay",
            "value": "1000"
          },
          {
            "name": "dateFormat",
            "value": "dd/MM/yyyy-HH:mm:ss"
          }
        ],
        "type": "File",
        "createdDate": "Tue Sep 23 2014"
      }
    ],
    "epas": [
      {
        "inputEvents": [
          {
            "instanceSelectionPolicy": "First",
            "name": "FilteredInCDR",
            "consumptionPolicy": "Reuse"
          }
        ],
        "derivedEvents": [
          {
            "name": "Alarm630",
            "reportParticipants": false,
            "expressions": {
              "OccurrenceTime": "ArrayGet(FilteredInCDR.OccurrenceTime,ArraySize(FilteredInCDR.OccurrenceTime)-1)",
              "call_start_dates": "ArrayConvert(FilteredInCDR.call_start_date)",
              "amount_spent": "SUM",
              "billed_msdn": "ArrayGet(FilteredInCDR.billed_msdn,ArraySize(FilteredInCDR.billed_msdn)-1)",
              "Duration": "0",
              "calling_number": "context.CallingNumberSegmentation"
            }
          }
        ],
        "evaluationPolicy": "Immediate",
        "name": "Alarm630EPA",
        "internalSegmentation": [
          {
            "name": "CallingNumberSegmentation"
          }
        ],
        "context": "24hours",
        "epaType": "Aggregate",
        "cardinalityPolicy": "Single",
        "assertion": "SUM >= 200",
        "createdDate": "Mon Mar 09 2015",
        "computedVariables": [
          {
            "name": "SUM",
            "aggregationType": "Sum",
            "FilteredInCDR": "FilteredInCDR.total_call_charge_amount"
          }
        ]
      },
      {
        "inputEvents": [
          {
            "instanceSelectionPolicy": "First",
            "filterExpression": "(IndexOf(CallPOPDWH.called_number,'3856') == 0 || IndexOf(CallPOPDWH.called_number,'+3856') == 0 || IndexOf(CallPOPDWH.called_number,'003856') == 0)  &&  EqualsIgnoreCase(CallPOPDWH.call_service,'T11') && DayDiff(CallPOPDWH.call_start_date,CallPOPDWH.customer_activation_date) <=91",
            "name": "CallPOPDWH",
            "consumptionPolicy": "Consume"
          }
        ],
        "derivedEvents": [
          {
            "name": "FilteredInCDR",
            "reportParticipants": false,
            "expressions": {
              "OccurrenceTime": "CallPOPDWH.OccurrenceTime",
              "billed_msdn": "CallPOPDWH.billed_msdn",
              "Duration": "0",
              "calling_number": "CallPOPDWH.calling_number",
              "total_call_charge_amount": "CallPOPDWH.total_call_charge_amount",
              "call_start_date": "CallPOPDWH.call_start_date"
            }
          }
        ],
        "evaluationPolicy": "Immediate",
        "name": "FilterEPA",
        "internalSegmentation": [],
        "context": "Always",
        "epaType": "Basic",
        "cardinalityPolicy": "Unrestricted",
        "localPlacement": true,
        "createdDate": "Wed Dec 07 2016",
        "computedVariables": []
      }
    ],
    "contexts": {
      "temporal": [
        {
          "duration": 233513,
          "terminators": [],
          "neverEnding": true,
          "atStartup": false,
          "slidingPeriod": 9729,
          "name": "24hours",
          "type": "SlidingTimeWindow",
          "createdDate": "Thu Oct 27 2016",
          "initiators": [
            {
              "initiatorPolicy": "Ignore",
              "condition": "EqualsIgnoreCase(CallPOPDWH.called_number,'start24hours')",
              "name": "CallPOPDWH",
              "initiatorType": "Event"
            }
          ]
        },
        {
          "terminators": [],
          "neverEnding": true,
          "atStartup": true,
          "name": "Always",
          "type": "TemporalInterval",
          "createdDate": "Wed Dec 07 2016",
          "initiators": []
        }
      ],
      "segmentation": [
        {
          "name": "CallingNumberSegmentation",
          "participantEvents": [
            {
              "expression": "FilteredInCDR.calling_number",
              "name": "FilteredInCDR"
            }
          ],
          "createdDate": "Mon Mar 09 2015"
        }
      ],
      "composite": []
    },
    "producers": [
      {
        "events": [],
        "name": "Producer",
        "properties": [
          {
            "name": "filename",
            "value": "D:\\EP\\Projects\\Proton\\OpenSourceWorkspace\\ProtonEU\\FERARI\\MobileFraud\\RulesForKPI\\ferari_POP_CDR_export_201607_v3_masked_630_frauders_short.csv"
          },
          {
            "name": "pollingInterval",
            "value": "2000"
          },
          {
            "name": "sendingDelay",
            "value": "1000"
          },
          {
            "name": "formatter",
            "value": "csv"
          },
          {
            "name": "delimiter",
            "value": ";"
          },
          {
            "name": "csvEventType",
            "value": "CallPOPDWH"
          },
          {
            "name": "csvAttributeNames",
            "value": "object_id,billed_msdn,call_start_date,call_service,price_plan,calling_number,called_number,other_party_tel_number,call_direction,tap_related,call_cell_id,geo_destination,destination_zone,conversation_duration,charged_duration,charged_units,total_call_charge_amount,WCALL_COST,TOLL_COST,customer_activation_date,customer_type,OccurrenceTime"
          },
          {
            "name": "tagDataSeparator",
            "value": "="
          },
          {
            "name": "dateFormat",
            "value": "yyyy-MM-dd HH:mm:ss"
          }
        ],
        "type": "Timed",
        "createdDate": "Tue Sep 23 2014"
      }
    ]
  }
}